genel_tutum,hedef_grup,derece,kategori,saldÄ±rgan_dil,tweet_text,annotator,uploaded_at,konu,tweet_id,dil,kategori_count
Anti-Immigrant/Refugee,['Country/Nationality'],6,"['Swearing; Insult; Defamation; Dehumanization', 'Threat of Enmity; War; Attack; Murder; or Harm']",Low,"Ø¨Ø§Ù„Ø¢ÙˆÙ†Ù‡ Ø§Ù„Ø§Ø®ÙŠØ±Ø© Ø§ÙƒØ«Ø± Ø§Ù„Ø­Ø³Ø§Ø¨Ø§Øª Ø§Ù„Ù…ØªÙ†ÙƒØ±Ø© ÙƒØ³Ø¹ÙˆØ¯ÙŠÙŠÙ† Ù…Ù† Ø§Ù„Ù…ØºØ±Ø¨ 
ÙŠÙ‚ÙˆÙ…ÙˆÙ† Ø¨Ù†Ø´Ø± Ø§Ù„Ø±Ø°ÙŠÙ„Ø© ÙˆØ§Ù„Ø§Ù†Ø­Ù„Ø§Ù„ Ø¨Ø§Ø³Ù…Ø§Ø¡ Ø³Ø¹ÙˆØ¯ÙŠØ§Øª Ù‚Ø¨ÙŠÙ„ÙŠØ§Øª 
ÙˆØ°Ù„Ùƒ Ù„ØªØ´ÙˆÙŠÙ‡ Ø³Ù…Ø¹ØªÙ‡Ù… Ø¹Ù…Ø¯Ø§Ù‹ ÙˆÙ„Ø²ÙŠØ§Ø¯Ø© Ø§Ù„Ù…ØªØ§Ø¨Ø¹ÙŠÙ† ÙˆØ±ÙØ¹ Ø§Ù„Ù…Ø´Ø§Ù‡Ø¯Ø§Øª Ø¹Ù„Ù‰ Ø­Ø³Ø§Ø¨ Ø§Ù„Ù…Ø±Ø£Ø© Ø§Ù„Ø³Ø¹ÙˆØ¯ÙŠØ©  #ØªØ±Ø­ÙŠÙ„_Ø§Ù„Ù…ØºØ±Ø¨ÙŠØ§Øª_Ù…Ø·Ù„Ø¨2",Neda,2024-02-24T15:56:32,Arabic,1659141226585571331,,2
Anti-Immigrant/Refugee,['Country/Nationality'],7,"['Exaggeration; Generalization; Attribution; Distortion:', 'Threat of Enmity; War; Attack; Murder; or Harm']",Low,"Ø¯Ø®ÙˆÙ„Ù‡Ù… Ø§Ù„Ù‰ Ø¯ÙˆÙ„Ù†Ø§ Ø®Ø·ÙŠØ± Ø¨Ø³Ø¨Ø¨ 
Ø§Ø¹Ù…Ø§Ù„ Ø§Ù„Ø³Ø­Ø± ÙˆØ§Ù„Ø´Ø¹ÙˆØ°Ù‡ ÙˆØ§Ù„Ø¯Ø¹Ø§Ø±Ø© ÙˆØªÙ†ÙƒØ±Ù‡Ù… ÙƒØ§ Ø³Ø¹ÙˆØ¯ÙŠÙŠÙ† ÙÙŠ Ø§Ù„Ø³ÙˆØ´Ù„ Ù…ÙŠØ¯ÙŠØ§ ÙˆÙ‡Ù… ÙˆØ±Ø§ Ø­Ø³Ø§Ø¨Ø§Øª Ø§Ù„Ù†Ø³ÙˆÙŠÙ‡ ÙˆØ§Ù„Ø°ÙƒÙˆØ±ÙŠÙ‡ ÙŠÙ†Ø´Ø±ÙˆÙ† Ø§Ù„ÙØªÙ† Ø¨ÙŠÙ†Ø§ Ø®Ø¯Ø§Ù… Ø§Ù„Ù…Ø§Ø³ÙˆÙ†ÙŠÙ‡ ÙˆØµÙ‡ÙŠÙˆÙ†ÙŠØ© 
#ØªØ±Ø­ÙŠÙ„_Ø§Ù„Ù…ØºØ±Ø¨ÙŠØ§Øª_Ù…Ø·Ù„Ø¨2",Neda,2023-11-14T07:57:28,Arabic,1659158751507521537,,2
Arap KarÅŸÄ±tÄ±,"['Irk/Etnik KÃ¶ken', 'Ãœlke/Milliyet']",5,['Abartma; Genelleme; YÃ¼kleme; Ã‡arpÄ±tma'],Yok,@muhendisyenn Hemde Ã§ok bÃ¼yÃ¼k bir sorun var. BÃ¼yÃ¼k ÅŸeytan amerika yÃ¼zÃ¼nden. OrtadoÄŸuyu mahvetti. Åimdi sÄ±ra bizim Ã¼lkemize geldi. YÃ¶neticiler de bu olaylarÄ±n gerilmesi iÃ§in elinden geleni yapÄ±yor. Ãœlke arap baharÄ±na dÃ¶nmek Ã¼zere az kaldÄ±. Araplara bu Ã¼lkeyi yok ettirecekler.,Åura,2023-11-14T07:57:40,Arabian,1658061958652755968,TÃ¼rkÃ§e,1
Arap KarÅŸÄ±tÄ±,['Irk/Etnik KÃ¶ken'],4,['SimgeleÅŸtirme'],ZayÄ±f,En milliyetÃ§i adamlardan biriyim ama asla milliyetÃ§iliÄŸi sadece reklam malzemesi yapan kiÅŸilerin arkasÄ±na takÄ±lmadÄ±m. MÃ¼lteci ve arap sevicilerin her zaman karÅŸÄ±sÄ±ndayÄ±m. YanÄ±nda olanlarÄ± milliyetÃ§i sanmayÄ±n.,Firdevs,2023-08-25T19:01:15,Arabian,1658543138355461888,TÃ¼rkÃ§e,1
Arap KarÅŸÄ±tÄ±,['Irk/Etnik KÃ¶ken'],3,['Abartma; Genelleme; YÃ¼kleme; Ã‡arpÄ±tma'],Yok,"@championoneday @secimtr2023 Kendi milletimden artÄ±k  midem bulanÄ±yor,inancÄ±m kalmadÄ± dempremde cebimdeki son kurusa kadar yardim ettim.kefesinsiz, toplu olarak gomulenlere bile uzulmediler,oylarÄ±yla Ã¼lkeyi bitirdiler,bu secimi Ã¼lkeye yerleÅŸen yabancÄ±lar kazandÄ±, millette arap goy goyculari armaÄŸan olsun",Åura,2023-08-17T21:14:31,Arabian,1658150712864387072,TÃ¼rkÃ§e,1
Arap KarÅŸÄ±tÄ±,['Irk/Etnik KÃ¶ken'],3,['DÄ±ÅŸlama; AyrÄ±mcÄ± SÃ¶ylem'],Yok,@yunuspaksoy Kendimizi kandirnayalim 2002 sobrasi yonetimin hatalari sonucu irak suriye kuzeyi boydan boya barzanistan kuruldu. Suriye Arap birligibe girdi. Artik uzub sure suriye kuzeyibi turamayiz. Siginmaci nufysu arttikca zatenAntep kilisHatay bogelerimizde demografik kontrol kalmayacak.,Can,2024-05-10T09:56:35,Arabian,1657978515021544960,TÃ¼rkÃ§e,1
Arap KarÅŸÄ±tÄ±,"['Irk/Etnik KÃ¶ken', 'Ãœlke/Milliyet', 'Belli GÃ¶rÃ¼ÅŸ/StatÃ¼/Uygulama; Mesleki Pozisyon Grubu', 'Hedef grup birden fazla.']",8,"['DÄ±ÅŸlama; AyrÄ±mcÄ± SÃ¶ylem', 'KÃ¼fÃ¼r; Hakaret; AÅŸaÄŸÄ±lama; Ä°nsandÄ±ÅŸÄ±laÅŸtÄ±rma']",ZayÄ±f,@indoraptor14536 @cengizhan0641 @haskologlu alÄ±n baÅŸÄ±nÄ±za Ã§alÄ±n araplarÄ± ben arap tedavi etmeyeceÄŸim teÅŸekkÃ¼rler,Elif GÃ¼lben,2023-08-22T14:09:36,Arabian,1658461282993929984,TÃ¼rkÃ§e,2
Arap KarÅŸÄ±tÄ±,['Irk/Etnik KÃ¶ken'],3,['Abartma; Genelleme; YÃ¼kleme; Ã‡arpÄ±tma'],Yok,"@hesaniko Biri keleÅŸ.kullaniyor...abd ve ab destekli
DiÄŸeri iÅŸkence ve domuz baÄŸÄ± ile Ã¶ldÃ¼rÃ¼yor. Arap destekli",Burak,2023-11-08T03:27:27,Arabian,1658411402275569920,TÃ¼rkÃ§e,1
Arap KarÅŸÄ±tÄ±,"['Irk/Etnik KÃ¶ken', 'Ãœlke/Milliyet']",3,"['DÄ±ÅŸlama; AyrÄ±mcÄ± SÃ¶ylem', 'Nefret sÃ¶ylemi bulunmuyor']",Yok,"@smtrslnk @saw8419 @militerdoktrin1 hiÃ§ sanmÄ±yorum, dÃ¼n kayseride sivasta arap giysili herifler silah atÄ±yordu sokaklarda erdoÄŸan konuÅŸmasÄ±ndan sonra",Elif GÃ¼lben,2023-08-22T14:09:36,Arabian,1658102547947593984,TÃ¼rkÃ§e,2
Arap KarÅŸÄ±tÄ±,['Irk/Etnik KÃ¶ken'],2,['DÄ±ÅŸlama; AyrÄ±mcÄ± SÃ¶ylem'],Yok,"Bu Ã¼lkeye demokrasi fazla! S.kmedikleri kimse kalmadÄ± hala 49. Demek milletin fantezi dÃ¼nyasÄ± geniÅŸ, Ã¶zellikle Arap iÃ§erikli...",Can,2024-05-10T09:56:35,Arabian,1657996924509715968,TÃ¼rkÃ§e,1
Arap KarÅŸÄ±tÄ±,['Irk/Etnik KÃ¶ken'],2,['Abartma; Genelleme; YÃ¼kleme; Ã‡arpÄ±tma'],Yok,"CumhurbaÅŸkanlÄ±ÄŸÄ± 

Åerefim Ã¼stÃ¼ne yemin ederim 

2 milyon oy atan arap var .
AdÄ± ehmet mehmet recep olmuÅŸ. 
Bu zamana kadar bunun Ã¶nÃ¼ne geÃ§meliydi @herkesicinCHP 
@DrSinanOgan Bu Ã¼lke araplarin deÄŸil uyan Sinan OÄŸan uyan",Åura,2023-08-17T21:14:31,Arabian,1658092322624504064,TÃ¼rkÃ§e,1
Arap KarÅŸÄ±tÄ±,['Hedef grup birden fazla.'],3,['SimgeleÅŸtirme'],Yok,@1vatandas1071 @con_hanife @yirmiucderece BakÄ±n Ã¼lkeyi yakacaklar gerÃ§ek dÄ±ÅŸÄ± laflarÄ±nÄ±zla  siz kÃ¼rtlerden korkma durun  bÃ¶yle devam ozaman yeterki Ã¼lke Arap Suriyelilerin Ä°ran Afgan dolsun,Åura,2023-08-17T21:14:31,Arabian,1658181039087312896,TÃ¼rkÃ§e,1
Arap KarÅŸÄ±tÄ±,['Irk/Etnik KÃ¶ken'],4,['KÃ¼fÃ¼r; Hakaret; AÅŸaÄŸÄ±lama; Ä°nsandÄ±ÅŸÄ±laÅŸtÄ±rma'],ZayÄ±f,"Milliyetciyse de milliyetci, Turkcuyse de Turkcu. Bu adam bizim tek secenegimiz bu vatanin milli yanlarini koruyacak tek yolumuz. Bu topraklarda tek Turk cocugunu cirkef arap bedevilerine ezdirmeyecegiz. Kazanacagiz! https://t.co/1Id2Xy3EHM",Firdevs,2023-08-25T19:00:54,Arabian,1658576707371127040,TÃ¼rkÃ§e,1
Arap KarÅŸÄ±tÄ±,['Irk/Etnik KÃ¶ken'],3,['KÃ¼fÃ¼r; Hakaret; AÅŸaÄŸÄ±lama; Ä°nsandÄ±ÅŸÄ±laÅŸtÄ±rma'],ZayÄ±f,Eller kÄ±rÄ±lsÄ±n inÅŸallah Atam kimlere emanet etmiÅŸ genÃ§liÄŸi sahip Ã§Ä±kamadÄ±k arap bozuntularÄ±na karÅŸÄ± genede rabbim sen konuyu biliyorsun gÃ¶rÃ¼yorsun olanlarÄ± daha nediyim,Firdevs,2023-08-25T19:01:15,Arabian,1658047361354981120,TÃ¼rkÃ§e,1
Arap KarÅŸÄ±tÄ±,['Irk/Etnik KÃ¶ken'],3,['Abartma; Genelleme; YÃ¼kleme; Ã‡arpÄ±tma'],Yok,@dman_kbr @AhmetYARM21 Åuan ErdoÄŸan Arap oylarÄ±yla bile kazanamadÄ± . ErdoÄŸan'Ä±n ÅŸuan ayakta kalmasÄ± Ã¼lkemizi satÄ±n alan Araplardir siz deÄŸilsiniz,Åura,2023-11-14T07:57:40,Arabian,1658409481452003072,TÃ¼rkÃ§e,1
Arap KarÅŸÄ±tÄ±,"['Irk/Etnik KÃ¶ken', 'Hedef grup birden fazla.']",10,"['DÄ±ÅŸlama; AyrÄ±mcÄ± SÃ¶ylem', 'KÃ¼fÃ¼r; Hakaret; AÅŸaÄŸÄ±lama; Ä°nsandÄ±ÅŸÄ±laÅŸtÄ±rma']",Åiddetli,"Tayyipe oy veren akpliler hdp 
 demirtaÅŸ ve ittifakta akpli var diye kemal kÄ±lÄ±Ã§daroÄŸluna oy vermeyenler bu Ã¼lkenin arap Ã§Ã¶plÃ¼ÄŸÃ¼ne gelmiÅŸini istiyordur yaÅŸayÄ±n bakalÄ±m o.c arap kardeÅŸlerinizle beraber sayeniz de bu Ã¼lke ÅŸeriatlÄ± sÄ±ÄŸÄ±nmacÄ± Ã§Ã¶plÃ¼ÄŸÃ¼ olacak https://t.co/QincY4t6Og",Åura,2023-11-14T07:57:40,Arabian,1658071342095187968,TÃ¼rkÃ§e,2
Arap KarÅŸÄ±tÄ±,"['Irk/Etnik KÃ¶ken', 'Hedef grup birden fazla.']",6,"['SimgeleÅŸtirme', 'Abartma; Genelleme; YÃ¼kleme; Ã‡arpÄ±tma']",Åiddetli,Halep oradaysa arÅŸÄ±n burada! Ä°ran olmak istiyorsanÄ±z gidin bu arap kÄ±rmasÄ± dansÃ¶zlere oy verin. Biz de siktir olup gidelim https://t.co/TPp4g4fFzu,Beril,2023-12-06T19:22:45,Arabian,1658219807177687040,TÃ¼rkÃ§e,2
Arap KarÅŸÄ±tÄ±,['Irk/Etnik KÃ¶ken'],4,['DÄ±ÅŸlama; AyrÄ±mcÄ± SÃ¶ylem'],ZayÄ±f,"@mimarifacialar Lunapark a Ã§evirmiÅŸler evi. klasik zengin OrtadoÄŸulu, Arap kafasÄ± ve iÄŸrenÃ§ mimari tasarÄ±mlarÄ±. Maddi aÃ§Ä±dan zenginler ama zihinleri fakir. O kadar IÅŸÄ±k ve renk gÃ¶zÃ¼nÃ¼ ve Zihnini mÃ¼thiÅŸ yorar. RAM den yersin boÅŸ yere. Gel de anlat..",Can,2024-05-10T09:56:35,Arabian,1658762278659825920,TÃ¼rkÃ§e,1
Arap KarÅŸÄ±tÄ±,['Irk/Etnik KÃ¶ken'],4,['Abartma; Genelleme; YÃ¼kleme; Ã‡arpÄ±tma'],Yok,@DasdemirHilmi Yok ya Suriyelileri o yÃ¼zden mi doldurdunuz yÃ¼z yÄ±llardÄ±r kardeÅŸim dediÄŸiniz kÃ¼rtlerin bir tabela alamadÄ±ÄŸÄ± Ã¼lkemizde Arap tabelalarÄ± sayÄ±sÄ±z binlerce var bÃ¶yle mi TÃ¼rklerindir oluyor urfa ds Ã¶yle semtler varki Suriye sanarsiniz,Åura,2023-11-08T04:01:33,Arabian,1658567130026070016,TÃ¼rkÃ§e,1
Arap KarÅŸÄ±tÄ±,['Irk/Etnik KÃ¶ken'],2,['SimgeleÅŸtirme'],Yok,BakÄ±n bÃ¶yle dÃ¼ÅŸÃ¼nmek o kadar salakÃ§a ki istediÄŸin yere git araplara ÅŸuan nasÄ±l saygÄ± duyuyorsan oradaki kiÅŸilerde sana o gÃ¶zle bakacak Ã¼lkenin onuru gururu vardÄ±r adamlar bizi arap sanÄ±yor amk tÃ¼rklÃ¼k diye bir ÅŸey bÄ±rakmadÄ± adamlar kendinize gelin saygÄ±nlÄ±ÄŸÄ±n yok olm senin https://t.co/I3EUJrsA0A,Ege,2024-04-15T21:10:19,Arabian,1658036079071511040,TÃ¼rkÃ§e,1
Arap KarÅŸÄ±tÄ±,['Irk/Etnik KÃ¶ken'],5,['Abartma; Genelleme; YÃ¼kleme; Ã‡arpÄ±tma'],Åiddetli,@UURARIKAN172774 hassss........... aÄŸzÄ±mÄ± bozucam artÄ±k.. vatan demiÅŸ.. Anadolu'yu Arap yurduna Ã§evirenler...,Åura,2023-11-14T07:57:40,Arabian,1658508941372816896,TÃ¼rkÃ§e,1
Arap KarÅŸÄ±tÄ±,['Irk/Etnik KÃ¶ken'],9,"['SimgeleÅŸtirme', 'KÃ¼fÃ¼r; Hakaret; AÅŸaÄŸÄ±lama; Ä°nsandÄ±ÅŸÄ±laÅŸtÄ±rma']",Åiddetli,TÃ¼rkÃ¼z lan biz kim ne derse desin TÃ¼rk evladÄ±yÄ±z arap soyunuzu da bozulmuÅŸ kanÄ±nÄ±zÄ±n da amÄ±nakoyayÄ±m. saÄŸÄ± da sikeyim solu da iÃ§inde birazcÄ±k milliyetÃ§ilik duygusu olan her kardeÅŸime sarÄ±lmak istiyorum.,Ege,2024-04-15T21:10:19,Arabian,1658601843549782016,TÃ¼rkÃ§e,2
Arap KarÅŸÄ±tÄ±,"['Irk/Etnik KÃ¶ken', 'Belli GÃ¶rÃ¼ÅŸ/StatÃ¼/Uygulama; Mesleki Pozisyon Grubu', 'Hedef grup birden fazla.']",3,['SimgeleÅŸtirme'],ZayÄ±f,"ArapsÄ±nÄ±z, ARAP. Arap ÅŸarkÄ±larÄ±yla alkÄ±ÅŸlanÄ±p arap ÅŸeyhlerine ruhunuzu sattÄ±nÄ±z. GÃ¶kten inen dogmalarÄ± hayat gayeleriniz yaptÄ±nÄ±z. Kendi hayatlarÄ±nÄ±zÄ± dinle uyuÅŸturduÄŸunuz yetmedi Ã¼lkeyi bu medeniyetsizlere sattÄ±nÄ±z. TÃ¼rk gencinin en bÃ¼yÃ¼k yarasÄ± ve dÃ¼ÅŸmanÄ± sizsiniz. https://t.co/yBAhNHXhaq",Firdevs,2023-08-25T19:01:36,Arabian,1658621119736304128,TÃ¼rkÃ§e,1
Arap KarÅŸÄ±tÄ±,"['Irk/Etnik KÃ¶ken', 'Cinsel YÃ¶nelim']",6,['KÃ¼fÃ¼r; Hakaret; AÅŸaÄŸÄ±lama; Ä°nsandÄ±ÅŸÄ±laÅŸtÄ±rma'],ZayÄ±f,"@hikmetgenc Top sensin,halkÄ±ndan bahsediyorsun Arap deÄŸiliz, Turkuz
Ä°stila eden biz deÄŸiliz,vergi veren biziz,Ã¼lkeyi ayakta tutan  biz, soyan siz  ÅŸimdi di sen sÃ¶yle kim top?",Åura,2023-11-14T07:57:40,Arabian,1658489284847104000,TÃ¼rkÃ§e,1
Arap KarÅŸÄ±tÄ±,['Irk/Etnik KÃ¶ken'],5,['DÄ±ÅŸlama; AyrÄ±mcÄ± SÃ¶ylem'],ZayÄ±f,@Turk_Patriot Seiat Ã¼lkesi ile yÃ¶netilen bir Arap Ã¼lkesinde doÄŸmadÄ±m ben andam.. nefret ediyorum her tÃ¼rlÃ¼ Arap kÃ¼ltÃ¼rÃ¼nden,Beril,2023-12-06T19:22:32,Arabian,1658201139198696960,TÃ¼rkÃ§e,1
Arap KarÅŸÄ±tÄ±,['Irk/Etnik KÃ¶ken'],4,['KÃ¼fÃ¼r; Hakaret; AÅŸaÄŸÄ±lama; Ä°nsandÄ±ÅŸÄ±laÅŸtÄ±rma'],ZayÄ±f,@Darkwebhaber Arap bedevilerinin yÃ¼zÃ¼nden ilerde Ã§ocuklarÄ±nÄ±zin bedduasini almaya deÄŸermi gerÃ§ekten aklÄ±mÄ±zÄ± basiniza alÄ±n bir an Ã¶nce kurt seÃ§menlerin oyunu almak iÃ§in zamanÄ±nda ErdoÄŸan neler neler yaptÄ± aklÄ±nizi celmelerine izin vermeyin,Åura,2023-11-14T07:57:40,Arabian,1658396539373466112,TÃ¼rkÃ§e,1
Arap KarÅŸÄ±tÄ±,['Irk/Etnik KÃ¶ken'],4,"['DÄ±ÅŸlama; AyrÄ±mcÄ± SÃ¶ylem', 'SimgeleÅŸtirme', 'KÃ¼fÃ¼r; Hakaret; AÅŸaÄŸÄ±lama; Ä°nsandÄ±ÅŸÄ±laÅŸtÄ±rma']",ZayÄ±f,Åu gÃ¶rÃ¼ntÃ¼den de mi utanmÄ±yorsunuz awk ğŸ¤¦ğŸ»â€â™‚ï¸ Ã¼lke arap Ã§Ã¶plÃ¼ÄŸÃ¼ne dÃ¶ndÃ¼ iyice https://t.co/nuS1fjVKH5,Burak,2023-11-08T03:27:27,Arabian,1658061681749025024,TÃ¼rkÃ§e,3
Arap KarÅŸÄ±tÄ±,"['Irk/Etnik KÃ¶ken', 'Hedef grup birden fazla.']",3,['Emin deÄŸilim'],Yok,"@TugrulTurkes @DrSinanOgan MHP arap milliyetÃ§isidir. TÃ¼rk MilliyetÃ§iÄŸi ATA Ä°ttifakÄ±nda yeÅŸermiÅŸtir.

Mhp milliyetÃ§ilerini videoda izledik. 

https://t.co/xuFSFfQUja",Åura,2023-11-08T04:01:33,Arabian,1658219274945670912,TÃ¼rkÃ§e,1
Arap KarÅŸÄ±tÄ±,['Irk/Etnik KÃ¶ken'],4,['DÄ±ÅŸlama; AyrÄ±mcÄ± SÃ¶ylem'],Yok,@ibrahimbozanTR HiÃ§bir Arap TÃ¼rkiye'ye ait deÄŸildir..hiÃ§ hikaye okuma birader. TÃ¼rkiye'nin yeni bir etnik soruna ihtiyacÄ± yok geÃ§ o ayaklarÄ±,Åura,2023-11-14T07:57:40,Arabian,1658499122054278912,TÃ¼rkÃ§e,1
Arap KarÅŸÄ±tÄ±,['Irk/Etnik KÃ¶ken'],8,['KÃ¼fÃ¼r; Hakaret; AÅŸaÄŸÄ±lama; Ä°nsandÄ±ÅŸÄ±laÅŸtÄ±rma'],Åiddetli,@isotmen6 @tunbydr @aykiricomtr Hakaret etmeden konuÅŸamÄ±yorsan siktimin salaÄŸÄ± cevap vermezsin amk arap yalayicis,Beril,2023-12-06T19:22:32,Arabian,1658576786370753024,TÃ¼rkÃ§e,1
Arap KarÅŸÄ±tÄ±,['Irk/Etnik KÃ¶ken'],6,['Abartma; Genelleme; YÃ¼kleme; Ã‡arpÄ±tma'],ZayÄ±f,"10-yerlerinde hep Arap ÅŸeyhlerinin Ã§ocuklarÄ±, yanlarÄ±nda Rus sevgilileriyle oturduÄŸunu gÃ¶rÃ¼yorum. 
Kendi Ã¼lkelerini modernleÅŸtirmek yerine, modern Ã¼lkelerde hayatlarÄ±nÄ± yaÅŸÄ±yor, kendi halklarÄ±na da din pazarlÄ±yorlar.
Gidip, bu adamlarÄ±n Ã¼lkesinde, â€œbu adamlar size din merkezli",Åura,2023-11-14T07:57:40,Arabian,1658716984756908032,TÃ¼rkÃ§e,1
Arap KarÅŸÄ±tÄ±,"['Irk/Etnik KÃ¶ken', 'Din', 'Belli GÃ¶rÃ¼ÅŸ/StatÃ¼/Uygulama; Mesleki Pozisyon Grubu']",4,['SimgeleÅŸtirme'],Åiddetli,YazÄ±klar Olsun milletimize! Arap zihniyetli fatih erbakan mecliste iken TÃ¼rkler uÄŸruna emek veren SayÄ±n Ãœmit Ã–zdaÄŸ meclise girememiÅŸ boktan siyasetiniz batsÄ±n!,Åura,2023-11-14T07:57:40,Arabian,1658078620030575104,TÃ¼rkÃ§e,1
Arap KarÅŸÄ±tÄ±,['Irk/Etnik KÃ¶ken'],3,['DÄ±ÅŸlama; AyrÄ±mcÄ± SÃ¶ylem'],Yok,DÃœNÃœN Ã–ZETÄ° TÃœRK MÄ°LLETÄ°NÄ°N YÃœZÃœ ASIK SURÄ°YELÄ° VE ARAP SEVÄ°CÄ°LERÄ°N YÃœZÃœ GÃœLÃœYOR KAYBEDEN TÃœRK HALKI VE TÃœRKÄ°YE CUMHURÄ°YETÄ° OLMUÅTUR,Can,2024-05-10T09:56:35,Arabian,1658005523319365888,TÃ¼rkÃ§e,1
Arap KarÅŸÄ±tÄ±,['Irk/Etnik KÃ¶ken'],4,['DÄ±ÅŸlama; AyrÄ±mcÄ± SÃ¶ylem'],Yok,@tugberk37 SaÃ§malama ya biz Arap miyiz niye sevelim. Araplara duyduÄŸu sevginin saygÄ±nÄ±n kaÃ§ta kaÃ§Ä±nÄ± duydu bize,Can,2024-05-10T09:56:35,Arabian,1657950590238859008,TÃ¼rkÃ§e,1
Arap KarÅŸÄ±tÄ±,['Irk/Etnik KÃ¶ken'],5,['Abartma; Genelleme; YÃ¼kleme; Ã‡arpÄ±tma'],Yok,"@Thebory2 @teyakkuzhaber Olur kanka, 5 sene iÃ§inde Ã¼lkedeki arap sayÄ±sÄ± 25 milyon olduÄŸunda kurtul kurtulabiliyosan bu iktidardan o zaman ne diyeyim.",Åura,2023-11-14T07:57:40,Arabian,1658772908599136000,TÃ¼rkÃ§e,1
Arap KarÅŸÄ±tÄ±,"['Irk/Etnik KÃ¶ken', 'Ãœlke/Milliyet', 'Hedef grup birden fazla.']",5,"['DÄ±ÅŸlama; AyrÄ±mcÄ± SÃ¶ylem', 'SimgeleÅŸtirme']",ZayÄ±f,@hhyjn_fig belcikada yalnizca brukselde yasarsan azcik cekilir oluyor zaten ekonomik krizi var insanlari ayri sorun turkiyeden daha fazla arap var insanlar ulkenin varligini bile bilmiyor kanimla canimla nefret ediyorum ulkeden kurtulmak icin her seyimi veriyorum,Firdevs,2023-08-25T19:01:36,Arabian,1658128676087635968,TÃ¼rkÃ§e,2
Arap KarÅŸÄ±tÄ±,['Hedef grup birden fazla.'],Emin deÄŸilim.,"['Emin deÄŸilim', 'KÃ¼fÃ¼r; Hakaret; AÅŸaÄŸÄ±lama; Ä°nsandÄ±ÅŸÄ±laÅŸtÄ±rma']",Åiddetli,"@_aslantug BurasÄ± fasli kadir cubbeli Ahmet Hizbullah'Ä± seven geri zekalÄ±lar in Ã§oÄŸunlukla olduÄŸu tipik bir Arap toplumu bunu Ã§ok iyi sÃ¶mÃ¼ren de var olduÄŸuna gÃ¶re sizlere ve bizlere hoÅŸnutsuzluk dÃ¼ÅŸÃ¼yor terki diyar edip geri zekalÄ±lari kendi baÅŸlarÄ±na bÄ±rakmak en doÄŸru yol gÃ¶rÃ¼nÃ¼yor .
Svg.",Åura,2023-11-14T07:57:40,Arabian,1658052640553550080,TÃ¼rkÃ§e,2
Arap KarÅŸÄ±tÄ±,['Irk/Etnik KÃ¶ken'],2,['SimgeleÅŸtirme'],Yok,"@Zeynkhrmnn @sevdaturkusev Gaffar Okkan'Ä±n katillerine oy verdin, kemikleri sÄ±zladÄ±. Ben ise gidip hdpye oy vermedim. GÃ¼nÃ¼n birinde hdpye Ã§alÄ±ÅŸmaya baÅŸlasa evet onu da indirecektim. Ben YÃ¼ce TÃ¼rk milletiyim ve bana -hele ki siyasal islamcÄ± embesiller tarafÄ±ndan- bi bok olmaz. Bak iÅŸine arap sevicisi.",Ege,2024-04-15T21:10:19,Arabian,1658054349430373888,TÃ¼rkÃ§e,1
Arap KarÅŸÄ±tÄ±,['Irk/Etnik KÃ¶ken'],3,['Abartma; Genelleme; YÃ¼kleme; Ã‡arpÄ±tma'],ZayÄ±f,@ahlalim @turkandturk @fatihportakal Ah be arzu ah be arzu hiÃ§ inandÄ±rÄ±cÄ± deÄŸilsin be ben daha Ã¶nce tayipe defalarca oy vermiÅŸ biriyim ta ki Ã¼lkem Arap iÅŸgali altÄ±na girene kadar.. Siz tayip Ã¶lene kadar ona oy vermeye devam edeceksiniz.. Hani diyordunuz ya baÅŸka adam mÄ± var diye iÅŸte artÄ±k var.,Firdevs,2023-08-25T19:00:54,Arabian,1658709063780246016,TÃ¼rkÃ§e,1
Arap KarÅŸÄ±tÄ±,['Hedef grup birden fazla.'],6,['Abartma; Genelleme; YÃ¼kleme; Ã‡arpÄ±tma'],Åiddetli,@LAZBARATOS Ergenekon balyozla ÅŸerefli askeri hapsedenâ—ï¸ FetÃ¶ye ne istedilerse verenâ—ï¸ osloda pkk ya aÃ§Ä±lan â—ï¸ ÅŸehide kelke diyenâ—ï¸ Ã¼lkeyi arap mÃ¼lteci kampÄ±na Ã§eviren â—ï¸ hizbullahÄ± meclise sokanlara â—ï¸destek ver @umitozdag @DrSinanOgan tarihe ne renk kalemle yazÄ±lacaksÄ±nÄ±z?,Åura,2023-11-08T04:01:33,Arabian,1658100605749953024,TÃ¼rkÃ§e,1
Arap KarÅŸÄ±tÄ±,['Irk/Etnik KÃ¶ken'],3,['SimgeleÅŸtirme'],Yok,@Mustafa_Destici ErdoÄŸanla birlikte hÃ¼daparâ€™la da yÃ¼rÃ¼dÃ¼n. HÃ¼rapar meclise girdi sen giremedin. Ve hala sana milliyetÃ§i diyen varsa gitsin arap vatandaÅŸlÄ±ÄŸÄ± da alsÄ±n.,Åura,2023-11-08T04:01:33,Arabian,1658104831297323008,TÃ¼rkÃ§e,1
Arap KarÅŸÄ±tÄ±,['Irk/Etnik KÃ¶ken'],4,['KÃ¼fÃ¼r; Hakaret; AÅŸaÄŸÄ±lama; Ä°nsandÄ±ÅŸÄ±laÅŸtÄ±rma'],ZayÄ±f,TÃ¼rk milleti salaktÄ±r gibi sÃ¶ylemler asla duymak istemiyorum bunlar TÃ¼rk deÄŸil TC kanÄ± deÄŸil Arap dÃ¶lleri,Ege,2024-04-15T21:10:19,Arabian,1658033993474798080,TÃ¼rkÃ§e,1
Arap KarÅŸÄ±tÄ±,"['Irk/Etnik KÃ¶ken', 'Ãœlke/Milliyet']",6,['KÃ¼fÃ¼r; Hakaret; AÅŸaÄŸÄ±lama; Ä°nsandÄ±ÅŸÄ±laÅŸtÄ±rma'],Åiddetli,@abdulhamid3442 @medyaadami @kilicdarogluk HoÅŸt it Ã§Ä±ktÄ±ÄŸÄ±n yere ben soktum ki sen Ã§Ä±ktÄ±n tanÄ± olm babanÄ±. Arap Ã¶zentisi ne bok olduÄŸu belli deÄŸil,Melisa,2024-03-21T14:01:06,Arabian,1658468226878128128,TÃ¼rkÃ§e,1
Arap KarÅŸÄ±tÄ±,['Irk/Etnik KÃ¶ken'],4,['DÄ±ÅŸlama; AyrÄ±mcÄ± SÃ¶ylem'],ZayÄ±f,@_maQSur_ kadÄ±nlarÄ±n varlÄ±ÄŸÄ±ndan dahi rahatsÄ±z olup arap seviciliÄŸi yapan gÃ¼ruhun mecliste bas bas bagÄ±racak olmasÄ±ndan utanÄ±yorum,Can,2024-05-10T09:56:35,Arabian,1658025387136253952,TÃ¼rkÃ§e,1
Arap KarÅŸÄ±tÄ±,"['Irk/Etnik KÃ¶ken', 'Ãœlke/Milliyet']",8,"['DÄ±ÅŸlama; AyrÄ±mcÄ± SÃ¶ylem', 'SimgeleÅŸtirme', 'KÃ¼fÃ¼r; Hakaret; AÅŸaÄŸÄ±lama; Ä°nsandÄ±ÅŸÄ±laÅŸtÄ±rma']",ZayÄ±f,"KonuÅŸ Tanju konuÅŸ, yoksa bu seÃ§imi kaybetmekle kalmayacaÄŸÄ±z Suriyeli Arap atÄ±klarÄ± yÃ¼zÃ¼nden TÃ¼rklÃ¼ÄŸÃ¼mÃ¼zÃ¼ kaybedeceÄŸiz https://t.co/85nbeDOLMr",Elif GÃ¼lben,2023-08-22T14:09:36,Arabian,1658229844520435968,TÃ¼rkÃ§e,3
Arap KarÅŸÄ±tÄ±,['Irk/Etnik KÃ¶ken'],3,"['SimgeleÅŸtirme', 'Abartma; Genelleme; YÃ¼kleme; Ã‡arpÄ±tma']",ZayÄ±f,"@aykiricomtr Kayseri halkÄ±na arap kardeÅŸleriyle mutluluklar. MÃ¼stahak! AnanÄ±za bacÄ±nÄ±za sahip Ã§Ä±kÄ±n da tacize uÄŸramasÄ±nlar. Zira reisiniz onlarÄ± gÃ¶ndermeyecek, hatta yenilerine kapÄ± aÃ§acak. :)",Ege,2024-04-15T21:10:19,Arabian,1658062081843683072,TÃ¼rkÃ§e,2
Arap KarÅŸÄ±tÄ±,['Irk/Etnik KÃ¶ken'],7,['KÃ¼fÃ¼r; Hakaret; AÅŸaÄŸÄ±lama; Ä°nsandÄ±ÅŸÄ±laÅŸtÄ±rma'],ZayÄ±f,Ä°ttihad ve terakki ruhu her TÃ¼rk insanÄ±nÄ±n iÃ§erisine iÅŸleyen bir ÅŸey. Onu siktiÄŸimin AraplarÄ± ve Arap yobaz kÃ¶pekleri alamaz.,Can,2024-05-10T09:56:35,Arabian,1657908974883074048,TÃ¼rkÃ§e,1
Arap KarÅŸÄ±tÄ±,"['Irk/Etnik KÃ¶ken', 'Ãœlke/Milliyet', 'Belli GÃ¶rÃ¼ÅŸ/StatÃ¼/Uygulama; Mesleki Pozisyon Grubu', 'Hedef grup birden fazla.']",8,"['DÄ±ÅŸlama; AyrÄ±mcÄ± SÃ¶ylem', 'KÃ¼fÃ¼r; Hakaret; AÅŸaÄŸÄ±lama; Ä°nsandÄ±ÅŸÄ±laÅŸtÄ±rma']",ZayÄ±f,"Suriyeliye boÅŸuna vatandaÅŸlÄ±k verilmedi, Ã§Ã¶l farelerine boÅŸuna ev&amp;vatandaÅŸlÄ±k satÄ±lmadÄ±.
MÃ¼teahhitlerin arap paralarÄ±nÄ± ezip Porschelerle gezmesini â€œherkeÅŸÅŸÅŸ zenginâ€ olarak gÃ¶ren ama aÃ§lÄ±ktan nefesi kokan reis sevdalÄ±larÄ±; asÄ±l ekonomik kriz ÅŸimdi baÅŸlÄ±yor.",Elif GÃ¼lben,2023-08-22T14:09:36,Arabian,1658023166172623104,TÃ¼rkÃ§e,2
Arap KarÅŸÄ±tÄ±,['Irk/Etnik KÃ¶ken'],4,['DÄ±ÅŸlama; AyrÄ±mcÄ± SÃ¶ylem'],Yok,oradaki masum insanlar cocuklar icin hicbir sey soylemiyorum ama soyle bir sey soyleyecegim ben turkiyenin en cok Arap olan illerinden birindeyim ve korkuyorum bir gÃ¼n Ã¶lÃ¼rsem araplar yuzunden eger onlarin oylari ile olucak bu  o yÃ¼zden 'o seÃ§menler' her seyin kotusunu hakediyor https://t.co/UrM5od0qls,Can,2024-05-10T09:56:35,Arabian,1658186747329536000,TÃ¼rkÃ§e,1
Arap KarÅŸÄ±tÄ±,['Irk/Etnik KÃ¶ken'],6,['SimgeleÅŸtirme'],ZayÄ±f,Ã¼lkede ekonomi dibi gÃ¶rmÃ¼ÅŸ bakÄ±n taÅŸ kemirecek kÄ±vama gelmiÅŸiz sÄ±nÄ±rlar kevgire dÃ¶nmÃ¼ÅŸ her tarafÄ± arap basmÄ±ÅŸ bu kadar sey olurken deprem bÃ¶lgesine Ã§adÄ±r veremeyen devlete kalkÄ±p oy veren halk suÃ§ludur sonuÃ§ta tercihi halk yaptÄ± bÃ¶ylesine yobaz bir 20 yildir hiÃ§bir ÅŸey,Åura,2023-11-08T04:01:33,Arabian,1657997695095643904,TÃ¼rkÃ§e,1
Arap KarÅŸÄ±tÄ±,['Irk/Etnik KÃ¶ken'],4,['SimgeleÅŸtirme'],ZayÄ±f,"@kumsalgvnn allah size akil fikir versin ama size mustahak doyecegim olmayacak o giydigin etekeleri bir daha goremeyecegin, birinin kumasi oldugun gunler ,kocanin lafiyla sokakta taslandigin gunler gelecek merak etme yine biz koruyacagiz yine biz savunacagiz seni arap ozentisi",Firdevs,2023-08-25T19:01:15,Arabian,1657928722379337984,TÃ¼rkÃ§e,1
Arap KarÅŸÄ±tÄ±,['Irk/Etnik KÃ¶ken'],3,"['DÄ±ÅŸlama; AyrÄ±mcÄ± SÃ¶ylem', 'Abartma; Genelleme; YÃ¼kleme; Ã‡arpÄ±tma']",Yok,@baselkanir @iremdiyebirii_ Harran urfanÄ±n arap kesiminin yaÅŸadÄ±ÄŸÄ± bir yer. BuranÄ±n kÃ¶ylerindeki araplar suriye araplarÄ±ndan 100 yÄ±l gerideler.,Åura,2023-08-17T21:14:31,Arabian,1658175817359187968,TÃ¼rkÃ§e,2
Ermeni KarÅŸÄ±tÄ±,"['Irk/Etnik KÃ¶ken', 'Ãœlke/Milliyet']",6,"['DÄ±ÅŸlama; AyrÄ±mcÄ± SÃ¶ylem', 'DÃ¼ÅŸmanlÄ±k; SavaÅŸ; SaldÄ±rÄ±; Ã–ldÃ¼rme; Yaralama Tehdidi']",Yok,"@dileysss @baris_baris42 @DijitalNabiz @TurkcuPaylasim Ermeni Ã§eteleriyle birleÅŸip sultanÄ± dÃ¼ÅŸÃ¼rÃ¼p, ermeni Ã§etelerinin iÅŸine bakacaÄŸÄ±z :)",Elif GÃ¼lben,2023-09-13T11:59:28,Armenian,1658139666317558016,TÃ¼rkÃ§e,2
Ermeni KarÅŸÄ±tÄ±,"['Irk/Etnik KÃ¶ken', 'Din', 'Hedef grup birden fazla.']",6,['SimgeleÅŸtirme'],Yok,"@OzkanYilmaz9494 @tugberk37 @filiz_BJK_ BunlarÄ±n amacÄ± bu zaten bizi birbirimize dÃ¼ÅŸÃ¼rmek, iki Ã¼Ã§ kÃ¶peÄŸin lafÄ±na bakÄ±p kanmayÄ±n bunlar ya ermeni ya yahudi uÅŸaÄŸÄ± iÃ§imize sÄ±zÄ±p bizi iÃ§erden bitirme derdindeler UYANIN ARTIK YAHUUUU",Nur,2023-09-08T10:48:17,Armenian,1658347795445693952,TÃ¼rkÃ§e,1
Ermeni KarÅŸÄ±tÄ±,"['Irk/Etnik KÃ¶ken', 'Belli GÃ¶rÃ¼ÅŸ/StatÃ¼/Uygulama; Mesleki Pozisyon Grubu']",3,"['Abartma; Genelleme; YÃ¼kleme; Ã‡arpÄ±tma', 'KÃ¼fÃ¼r; Hakaret; AÅŸaÄŸÄ±lama; Ä°nsandÄ±ÅŸÄ±laÅŸtÄ±rma']",ZayÄ±f,"KÃ¼rtleri katledip, kÃ¼rtÃ¼z diye ortada gezen AllahsÄ±z dinsiz ermeni partisi hdp(pkk) kÃ¼rtleri temsil edemez. Hayal satar zulÃ¼m eder. 
MÃ¼slÃ¼man kÃ¼rtlerin gerÃ§ek partisi HÃœDA-PAR efsane gerisi gazozdur.
28 MayÄ±sâ€™ta sandÄ±ÄŸa sahip Ã§Ä±kacak HÃ¼dapardÄ±r.",Pelin,2023-09-13T10:39:38,Armenian,1658623617897230080,TÃ¼rkÃ§e,2
Ermeni KarÅŸÄ±tÄ±,['Irk/Etnik KÃ¶ken'],4,"['SimgeleÅŸtirme', 'KÃ¼fÃ¼r; Hakaret; AÅŸaÄŸÄ±lama; Ä°nsandÄ±ÅŸÄ±laÅŸtÄ±rma']",ZayÄ±f,yÃ¼zyÄ±llardÄ±r TÃ¼rkler merhametleri ve yardÄ±mseverlikleri ile tanÄ±nÄ±rken kendine â€œTÃ¼rkâ€ diyen birinin bu cÃ¼mleyi kurmasÄ± onun TÃ¼rk deÄŸil de Ermenistanâ€™dan gÃ¶Ã§mÃ¼ÅŸ bir Ermeni olduÄŸunu gÃ¶sterir Ã§Ã¼nkÃ¼ biz insan dÄ±ÅŸÄ± varlÄ±klara Ermeniler deriz tÄ±pkÄ± sizin gibi,Pelin,2023-09-13T10:39:19,Armenian,1658500714736369920,TÃ¼rkÃ§e,2
Ermeni KarÅŸÄ±tÄ±,"['Irk/Etnik KÃ¶ken', 'Din', 'Hedef grup birden fazla.']",6,['Abartma; Genelleme; YÃ¼kleme; Ã‡arpÄ±tma'],ZayÄ±f,"Devletin Resmi Raporuna GÃ¶re Ermeni Olan KÄ±lÄ±Ã§daroÄŸlu!     24.568.196 Oy AlmÄ±ÅŸ! 

Ermenistan'da Bir TÃ¼rk MÃ¼min Aday Olsa %1 Oy AlamazdÄ±!

bir asÄ±r kandÄ±rÄ±lmÄ±ÅŸ cahil eÅŸek sÃ¼rÃ¼sÃ¼ medeniyeti.",Nur,2023-09-08T10:48:17,Armenian,1658675613899653120,TÃ¼rkÃ§e,1
Ermeni KarÅŸÄ±tÄ±,"['Irk/Etnik KÃ¶ken', 'Ãœlke/Milliyet', 'Din']",6,"['DÄ±ÅŸlama; AyrÄ±mcÄ± SÃ¶ylem', 'SimgeleÅŸtirme']",ZayÄ±f,@Yasini47987816 @REM__BEN Abi lÃ¼tfen ama lÃ¼tfen ÅŸu soy adi kanununla gelen ermeni ve yahudiler aÃ§Ä±klansÄ±nda bilelim adam tÃ¼rk degil irkcilik yapiyor dinsiz ama dini eleÅŸtiriyor abi lutfen aciklayin su ermenileri ve yahidileride bilelim artik,Altar,2024-01-10T21:18:00,Armenian,1658144706373583104,TÃ¼rkÃ§e,2
Ermeni KarÅŸÄ±tÄ±,['Irk/Etnik KÃ¶ken'],10,['KÃ¼fÃ¼r; Hakaret; AÅŸaÄŸÄ±lama; Ä°nsandÄ±ÅŸÄ±laÅŸtÄ±rma'],Åiddetli,@shahahshahahh @pusholder Milli Ä°rade kazandÄ± size iyi giydirdi bu millet bu Ã¼lkeden kaÃ§Ä±p gideceksiniz koÅŸarak hadi yallah ermeni domuzu seni,Åura,2023-12-26T01:04:35,Armenian,1657983040453320960,TÃ¼rkÃ§e,1
Ermeni KarÅŸÄ±tÄ±,"['Irk/Etnik KÃ¶ken', 'Hedef grup birden fazla.']",4,['SimgeleÅŸtirme'],ZayÄ±f,Kes!!   Aile soy aÄŸacÄ±nÄ± at hele ben senin tÃ¼rÃ¼nden ÅŸÃ¼phe etmeye baÅŸladÄ±m gayri  sendemi ermeni sin yoksa yahudimi    @fatihportakal https://t.co/RwTLuQbE21,Pelin,2023-09-13T10:39:19,Armenian,1658495699967672064,TÃ¼rkÃ§e,1
Ermeni KarÅŸÄ±tÄ±,['Irk/Etnik KÃ¶ken'],5,['KÃ¼fÃ¼r; Hakaret; AÅŸaÄŸÄ±lama; Ä°nsandÄ±ÅŸÄ±laÅŸtÄ±rma'],Åiddetli,"@rz_cerrahqasali SÃ¶zde Ermeni soykÄ±rÄ±mÄ±nÄ± kabul ediyor ayrÄ±ca. Ve mÃ¼temadiyen pkklÄ± katillerin Ã¶lÃ¼mÃ¼nÃ¼ anÄ±yor. 

SÄ°ZDE
SÄ°KE SÃœRÃœLECEK
AKIL
YOK. 

Beyinsizsiniz aq sizin ben o katil Ã¶ven kadÄ±nÄ±n olduÄŸu yere oy vermek istemiyorum siktirin gidin aq",Åura,2023-12-26T01:04:35,Armenian,1658473584174731008,TÃ¼rkÃ§e,1
Ermeni KarÅŸÄ±tÄ±,['Irk/Etnik KÃ¶ken'],5,['Abartma; Genelleme; YÃ¼kleme; Ã‡arpÄ±tma'],ZayÄ±f,@BESUGOSU Zaten baÅŸÄ±ndan beri kÄ±lÄ±Ã§laroÄŸlu ermeniydi. AdamÄ±n tÃ¼rkiyeden tÃ¼rkiyeye ticaret projesinin gÃ¼zergahÄ±nda azerbeycan kardeÅŸ devlet yok. Niye yok Ã§Ã¼nkÃ¼ proje ermeni devletine yarÄ±yor. Azerbaycan haricinde bÃ¼tÃ¼n devletler var.,Åura,2023-12-26T01:04:35,Armenian,1658411213108269056,TÃ¼rkÃ§e,1
Ermeni KarÅŸÄ±tÄ±,['Irk/Etnik KÃ¶ken'],6,['Abartma; Genelleme; YÃ¼kleme; Ã‡arpÄ±tma'],Yok,"@ercanfaras @misvakcaps Turkiyede hukumette yÃ¶netimdeki 
Recep Tayyip Erdogan Suleyman Soylu Hulusi Akar Hakan Fidan
sayesinde terÃ¶ristkatil ermeni yahudi pkk/ypgliler istanbul ve diger ÅŸehirlerde bebekleri Ã§ocuklari Ã¶ldÃ¼remiyor
Laikchpiphdpyesilsolhukumetinde her sehirde yeniden bebeklere saldirir pkk https://t.co/ntZCwGN5bC",Nur,2023-09-08T10:48:17,Armenian,1658705051676818944,TÃ¼rkÃ§e,1
Ermeni KarÅŸÄ±tÄ±,['Irk/Etnik KÃ¶ken'],10,['KÃ¼fÃ¼r; Hakaret; AÅŸaÄŸÄ±lama; Ä°nsandÄ±ÅŸÄ±laÅŸtÄ±rma'],Åiddetli,@kilicdarogluk GenÃ§ler iktidarsÄ±z soÄŸan erkeÄŸi hayatÄ± boyunca hiÃ§ Ã§alÄ±ÅŸmadÄ± TokatcÄ± pzvngij tekidir hayatÄ± hikaye bugÃ¼nÃ¼n zengin zÃ¼ppesi dÃ¼nÃ¼n Ermeni veledi dir kendisi Tescili Åerefsiz Namussuz HÄ±rsÄ±z kasetÃ§i prncu keMAL TÃ¼rkiye Cumhuriyetine TÃ¼rk lere dÃ¼ÅŸman olanlar bu yolsuzun yanÄ±nda neden? https://t.co/deIId7ncyq,Helin,2024-05-10T09:56:31,Armenian,1658408924180037888,TÃ¼rkÃ§e,1
Ermeni KarÅŸÄ±tÄ±,['Irk/Etnik KÃ¶ken'],0,['Nefret sÃ¶ylemi bulunmuyor'],Yok,"Herkes gitsin, Ermeni lobisinden daha bÃ¼yÃ¼k lobi kurulmalÄ±.
Devlet destek olarak her sene gidiÅŸ dÃ¶nÃ¼ÅŸ uÃ§ak bileti ve 1000$ vermeli gidenlere.
Gidenler kazanÃ§larÄ±nÄ±n bÃ¼yÃ¼k bÃ¶lÃ¼mÃ¼nÃ¼ TÃ¼rkiye de yatÄ±rÄ±m yapÄ±nca vergi ile verilen para geri alÄ±nÄ±r",Pelin,2023-09-13T10:39:19,Armenian,1658331039037521920,TÃ¼rkÃ§e,1
Ermeni KarÅŸÄ±tÄ±,['Irk/Etnik KÃ¶ken'],0,"['DÄ±ÅŸlama; AyrÄ±mcÄ± SÃ¶ylem', 'Nefret sÃ¶ylemi bulunmuyor']",Yok,"@10larMedya diÄŸerleri hariÃ§ ermenilerle kardeÅŸ filan deÄŸiliz...geÃ§in bu ayaklarÄ±..hangi ermeni tÃ¼rkÃ¼n kÃ¼rdÃ¼n suryanÄ±nÄ±n sunninin alevinin, yanÄ±nda olmuÅŸ sallamayÄ±n..",Pelin,2023-09-13T10:39:02,Armenian,1658012463579685120,TÃ¼rkÃ§e,2
Ermeni KarÅŸÄ±tÄ±,"['Irk/Etnik KÃ¶ken', 'Ãœlke/Milliyet']",8,['DÃ¼ÅŸmanlÄ±k; SavaÅŸ; SaldÄ±rÄ±; Ã–ldÃ¼rme; Yaralama Tehdidi'],Åiddetli,@RTErdogan Of ya....iÃ§imdeki yaÄŸlar eridi....Buda sana kapak olsun....Azerbaycana sinir koyacakdÄ±n ekÅŸÄ± erik yersin.Dunya ErdoÄŸan gibi muhteÅŸem varlÄ±k gelmiÅŸ. Sizin kibi ermeni ÅŸerefsizlerin  icabÄ±na baxmaÄŸa. https://t.co/fPCTzfrNjV,Altar,2024-01-10T21:18:00,Armenian,1658364860244144128,TÃ¼rkÃ§e,1
Ermeni KarÅŸÄ±tÄ±,['Irk/Etnik KÃ¶ken'],3,['SimgeleÅŸtirme'],Yok,"@lagur151 @Guldur_Gul @umitozdag Siz gizli Ermeni ve rumsunuz!
GerÃ§ek kimliklerinizi gizlersiniz. TÃ¼rk kÄ±lÄ±fÄ±na girerek KÃ¼rtlere saldÄ±rÄ±rsÄ±nÄ±z! Ã–ylece KÃ¼rt ve TÃ¼rk mÃ¼slÃ¼manlarÄ± birbirine kÄ±rdÄ±rÄ±rsÄ±nÄ±z!
Rusyaâ€™nÄ±n gizli OrtodoksluÄŸun hiristyanlarÄ± sizi !!! Devletin iÃ§inde gizliler sizi !!!",Pelin,2023-09-13T10:39:19,Armenian,1658399117373059072,TÃ¼rkÃ§e,1
Ermeni KarÅŸÄ±tÄ±,"['Ãœlke/Milliyet', 'Belli GÃ¶rÃ¼ÅŸ/StatÃ¼/Uygulama; Mesleki Pozisyon Grubu', 'Hedef grup birden fazla.']",6,['SimgeleÅŸtirme'],Yok,@SavciSayan BaÅŸkanÄ±m tamam da bunlarÄ±n yaptÄ±klarÄ± yanlarÄ±na kar mÄ± kalacak yani bunlarÄ±n hiÃ§ hesabÄ± sorulmayacak mÄ± bunlar GÃ¶z gÃ¶re gÃ¶re kazanÄ±rlarsa hepimizi keseceklerini sÃ¶ylÃ¼yorlar Hepimiz MÃ¼slÃ¼manÄ±z bunlarÄ±n Rum tohumu olduÄŸu belli Ermeni tohumu olduÄŸu belli bunlarÄ±n yanÄ±na mÄ± kalacak,DenÃ§a,2023-08-02T16:42:32,Armenian,1658414541712110080,TÃ¼rkÃ§e,1
Ermeni KarÅŸÄ±tÄ±,"['Irk/Etnik KÃ¶ken', 'Ãœlke/Milliyet']",9,"['DÄ±ÅŸlama; AyrÄ±mcÄ± SÃ¶ylem', 'SimgeleÅŸtirme', 'Abartma; Genelleme; YÃ¼kleme; Ã‡arpÄ±tma', 'KÃ¼fÃ¼r; Hakaret; AÅŸaÄŸÄ±lama; Ä°nsandÄ±ÅŸÄ±laÅŸtÄ±rma']",ZayÄ±f,@hdpdemirtas @YesillerSol @CelalFrt Sizi gidi Ermeni tohumlarÄ±. 1915 Tehcirinden beri KÃ¼rdÃ¼m ve Aleviyim diyerek kimliÄŸinizi gizlediniz. KardeÅŸi kardeÅŸe kÄ±rdÄ±rdÄ±nÄ±z. PKK'nÄ±z da Asala'nÄ±n uzantÄ±sÄ±dÄ±r. YaptÄ±ÄŸÄ±nÄ±z katliamlarÄ±n hesabÄ±nÄ± soracaÄŸÄ±z. Hepinizin kim olduÄŸunu biliyoruz. Sinsi mahluklar....,Elif GÃ¼lben,2023-09-13T12:00:01,Armenian,1658254978639642880,TÃ¼rkÃ§e,4
Ermeni KarÅŸÄ±tÄ±,"['Irk/Etnik KÃ¶ken', 'Ãœlke/Milliyet']",8,['Abartma; Genelleme; YÃ¼kleme; Ã‡arpÄ±tma'],Yok,@imtihanistt Proje bÃ¼yÃ¼k israili kurulmasi neden abd Ä°srail bekliyo Yunanistan bekliyo chp destek veriyo .rte dussun isgal etsin diye.chp cikip 25 eyalete bolecegiz diyo .pkk bayragini yakiyo AtatÃ¼rk e it diyo . gÃ¼neydoÄŸu ermeniler inchp birbayan milletvekili. Ermeni soykÄ±rÄ±mtaniyacaksinizdiy,Åura,2023-12-26T01:04:28,Armenian,1658272026191183872,TÃ¼rkÃ§e,1
Ermeni KarÅŸÄ±tÄ±,"['Irk/Etnik KÃ¶ken', 'Hedef grup birden fazla.']",5,"['DÄ±ÅŸlama; AyrÄ±mcÄ± SÃ¶ylem', 'SimgeleÅŸtirme', 'KÃ¼fÃ¼r; Hakaret; AÅŸaÄŸÄ±lama; Ä°nsandÄ±ÅŸÄ±laÅŸtÄ±rma']",Yok,@FilizTekbas9298 Azerbaycan tabiki dosttur deÄŸil Ã§Ã¼nkÃ¼ onun akrabalarÄ±nÄ± Ã¶ldÃ¼rdÃ¼ler Ermeni tohumudur kendis,Erdem,2023-08-15T21:16:58,Armenian,1658109648325444096,TÃ¼rkÃ§e,3
Ermeni KarÅŸÄ±tÄ±,"['Irk/Etnik KÃ¶ken', 'Ãœlke/Milliyet', 'Din', 'Hedef grup birden fazla.']",9,"['DÄ±ÅŸlama; AyrÄ±mcÄ± SÃ¶ylem', 'SimgeleÅŸtirme', 'KÃ¼fÃ¼r; Hakaret; AÅŸaÄŸÄ±lama; Ä°nsandÄ±ÅŸÄ±laÅŸtÄ±rma']",Åiddetli,@mt_goksu Ben size diye bileceÄŸim tek ÅŸey yavÅŸaksÄ±nÄ±z piÃ§ si iz sizin ananÄ±z babanÄ±z belli deÄŸil ermeni yahudi piÃ§leri,Elif GÃ¼lben,2023-09-13T12:00:18,Armenian,1658156580288844032,TÃ¼rkÃ§e,3
Ermeni KarÅŸÄ±tÄ±,"['Irk/Etnik KÃ¶ken', 'Belli GÃ¶rÃ¼ÅŸ/StatÃ¼/Uygulama; Mesleki Pozisyon Grubu']",0,"['DÄ±ÅŸlama; AyrÄ±mcÄ± SÃ¶ylem', 'Nefret sÃ¶ylemi bulunmuyor']",Yok,"@TurkcuPaylasim Anti-emperyalist AtatÃ¼rk'Ã¼n kurduÄŸu CHP'de ABD'nin uÅŸaklÄ±ÄŸÄ±nÄ± yapan Ermeni @kilicdarogluk bÃ¶lÃ¼cÃ¼ler ile iÅŸbirliÄŸi yaparak yÃ¶netimi ele geÃ§irmek istiyor. DeÄŸiÅŸim deÄŸil,etnik kimlik ve inanÃ§ Ã¼zerinden TÃ¼rkiye'yi parÃ§alamak istiyor.Bunu bildiÄŸi halde 3 Maymun'u oynayan kitle oluÅŸtu. https://t.co/wkQO1F0y86",Pelin,2023-09-13T10:39:38,Armenian,1658427856488201984,TÃ¼rkÃ§e,2
Ermeni KarÅŸÄ±tÄ±,"['Irk/Etnik KÃ¶ken', 'Ãœlke/Milliyet', 'Belli GÃ¶rÃ¼ÅŸ/StatÃ¼/Uygulama; Mesleki Pozisyon Grubu', 'Hedef grup birden fazla.']",4,['DÄ±ÅŸlama; AyrÄ±mcÄ± SÃ¶ylem'],ZayÄ±f,@SelinGulsvn Mevcut chp kadrosunda 1 adet bile ATATÃœRK cÃ¼ kalmadÄ± nerde iÅŸ birlikci var nerde sempatizan nerde ermeni doldurdular partiye ilk yapÄ±lmasÄ± gereken chp yÃ¶netimini devirmektir,Altar,2024-01-10T21:18:00,Armenian,1658403161701270016,TÃ¼rkÃ§e,1
Ermeni KarÅŸÄ±tÄ±,"['Irk/Etnik KÃ¶ken', 'Belli GÃ¶rÃ¼ÅŸ/StatÃ¼/Uygulama; Mesleki Pozisyon Grubu']",3,['SimgeleÅŸtirme'],Yok,Sesi Ã§Ä±kmaz tabi iÅŸi algÄ± olan ermeni uÅŸagÄ± @OguzhanUgur hesapta onlarÄ±n acÄ±larÄ±nÄ± paylaÅŸÄ±yordu onlara kÃ¼fÃ¼r edilirken sessiz kalmayÄ± tercih ediyor niye iÅŸine gelmiyor https://t.co/2he3EVYraf,DenÃ§a,2023-08-02T16:42:18,Armenian,1658527991696065024,TÃ¼rkÃ§e,1
Ermeni KarÅŸÄ±tÄ±,"['Irk/Etnik KÃ¶ken', 'Ãœlke/Milliyet', 'Belli GÃ¶rÃ¼ÅŸ/StatÃ¼/Uygulama; Mesleki Pozisyon Grubu', 'Hedef grup birden fazla.']",6,['SimgeleÅŸtirme'],ZayÄ±f,"@k98cccvtr9 @JeremyRifkinTr @welataslanmusic @hdpdemirtas Adam tÃ¼m kÃ¼rt halkÄ± dememiÅŸ ki,  Ä·Ã¼rtlerin iÃ§inde hÃ¼da par var, saÄŸduyulu kÃ¼rtlar var, terÃ¶re karÅŸÄ± olan kÃ¼rtler var.
Sadece pkk'lilarÄ± kastetmiÅŸ, onun iÃ§inde kÃ¼rt olmayanlar var, ermeni var, Ã§eÅŸit Ã§eÅŸit farklÄ± milletlerden o.Ã§. var. 
AyrÄ±mÄ± iyi yap.",Altar,2024-01-10T21:18:00,Armenian,1658071089543520000,TÃ¼rkÃ§e,1
Ermeni KarÅŸÄ±tÄ±,['Irk/Etnik KÃ¶ken'],8,['KÃ¼fÃ¼r; Hakaret; AÅŸaÄŸÄ±lama; Ä°nsandÄ±ÅŸÄ±laÅŸtÄ±rma'],ZayÄ±f,Yani roÃ§ild soroslar siyonistler hepsi TÃ¼rk Turan'cÄ± Ã¶yle mi ? TÄ±pkÄ± Ermeni terÃ¶ristleri gibi yalancÄ±sÄ±nÄ±z ve Allah bunlardan daha zalimi kim olabilir demez mi ? Ã–ldÃ¼rmeye gelince ustasÄ±nÄ±z neymiÅŸ dil Ã¶zgÃ¼rlÃ¼ÄŸÃ¼ bunun iÃ§in adam mÄ± Ã¶ldÃ¼rÃ¼lÃ¼r ? Ha evet size kalsa TÃ¼rkler baÅŸlattÄ±...,Åura,2023-12-26T01:04:35,Armenian,1658768252409978880,TÃ¼rkÃ§e,1
Ermeni KarÅŸÄ±tÄ±,"['Irk/Etnik KÃ¶ken', 'Belli GÃ¶rÃ¼ÅŸ/StatÃ¼/Uygulama; Mesleki Pozisyon Grubu', 'Hedef grup birden fazla.']",4,"['DÄ±ÅŸlama; AyrÄ±mcÄ± SÃ¶ylem', 'SimgeleÅŸtirme']",Yok,@misvakcaps Sende haklÄ±sÄ±n lavuk MÃ¼slÃ¼man Ã¼lkede zoraki sahde senin gibi ne ÅŸerefsiz ler var tipe bak ermeni hoÅŸtu,Erdem,2023-08-15T21:17:17,Armenian,1658496394334707968,TÃ¼rkÃ§e,2
Ermeni KarÅŸÄ±tÄ±,"['Irk/Etnik KÃ¶ken', 'Belli GÃ¶rÃ¼ÅŸ/StatÃ¼/Uygulama; Mesleki Pozisyon Grubu', 'Hedef grup birden fazla.']",6,"['SimgeleÅŸtirme', 'Abartma; Genelleme; YÃ¼kleme; Ã‡arpÄ±tma']",Yok,@kilicdarogluk Len Ermeni @kilicdarogluk milletin iÅŸi gÃ¼cÃ¼ yokta sen CumhurbaÅŸkanÄ± ol diye peÅŸinden mi koÅŸacak? OÄŸlum kazanamÄ±yorsun zaten. Yorma milleti. CHP seÃ§meni bilmiyor olabilir ama sen Ermenisin? Biz neden sana oy verelim? Dedelerin de vatan haini. Sabiha GÃ¶kÃ§en o yÃ¼zden bombaladÄ± sizi. https://t.co/cgDbnt4koe,DenÃ§a,2023-08-02T16:42:32,Armenian,1658475726075724032,TÃ¼rkÃ§e,2
Ermeni KarÅŸÄ±tÄ±,['Irk/Etnik KÃ¶ken'],10,['KÃ¼fÃ¼r; Hakaret; AÅŸaÄŸÄ±lama; Ä°nsandÄ±ÅŸÄ±laÅŸtÄ±rma'],Åiddetli,"@KumandanRte AtamÄ±n ismini pis aÄŸÄ±zlarÄ±na almasÄ±nlar.
AtatÃ¼rk doÄŸru milleti kurtarmÄ±ÅŸ lakin ermeni itini piÃ§ini bÄ±rakmÄ±ÅŸ. KeÅŸke zamanÄ±nda acÄ±mayÄ±p temizleseymiÅŸ.",Åura,2023-12-26T01:04:28,Armenian,1658578319762158080,TÃ¼rkÃ§e,1
Ermeni KarÅŸÄ±tÄ±,"['Irk/Etnik KÃ¶ken', 'Belli GÃ¶rÃ¼ÅŸ/StatÃ¼/Uygulama; Mesleki Pozisyon Grubu']",4,"['SimgeleÅŸtirme', 'Abartma; Genelleme; YÃ¼kleme; Ã‡arpÄ±tma']",ZayÄ±f,@kilicdarogluk BÃ¶lÃ¼cÃ¼lerle ve fetÃ¶cÃ¼lerle iÅŸbirliÄŸi tutmayan Ermeni @kilicdarigluk ve CHP taraftarlarÄ± AtatÃ¼rk'Ã¼ hatÄ±rladÄ±. Tamam iyi gÃ¼zel de zamanÄ±nda @kilicdarogluk gibi Kripto Ermenileri Sabiha GÃ¶kÃ§en'e AtatÃ¼rk bombalattÄ±. UnutmuÅŸsunuzdur dedik. Oy verirken bunu da hatÄ±rlayÄ±n ğŸ˜ https://t.co/HIRub7Lnua,Pelin,2023-09-13T10:39:02,Armenian,1658472160095257088,TÃ¼rkÃ§e,2
Ermeni KarÅŸÄ±tÄ±,['Irk/Etnik KÃ¶ken'],4,['SimgeleÅŸtirme'],Yok,@mhphakkicelenk Ä°ÅŸte bunun sonucunda ErdoÄŸan nefreti Ã§Ä±kÄ±yor. . Bayrak ve vatan sevgisinin Ã¶nÃ¼nde geliyor. . ErdoÄŸan gitsin Ã¼lkeyi kim yÃ¶netirse yonetsin zihniyeti. . BaÅŸkan adayÄ± Ermeni olsa bile oy verecek bir kitleye ne denir bilemedim?,DenÃ§a,2023-08-02T16:42:18,Armenian,1658021985111141888,TÃ¼rkÃ§e,1
Ermeni KarÅŸÄ±tÄ±,"['Irk/Etnik KÃ¶ken', 'Ãœlke/Milliyet', 'Belli GÃ¶rÃ¼ÅŸ/StatÃ¼/Uygulama; Mesleki Pozisyon Grubu', 'Hedef grup birden fazla.']",5,['SimgeleÅŸtirme'],ZayÄ±f,@TC_KemalBildis @kilicdarogluk Mesala nasÄ±l bir rejim provakatif Kemal BildiÅŸ ; Yunan PKK Ermeni Rum gelse ona uÅŸaklÄ±k edersin sen nasÄ±l bir insansÄ±nâ€¦Cebini dÃ¼ÅŸÃ¼nen,Altar,2024-01-10T21:18:00,Armenian,1658388496543777024,TÃ¼rkÃ§e,1
Ermeni KarÅŸÄ±tÄ±,['Irk/Etnik KÃ¶ken'],3,['Abartma; Genelleme; YÃ¼kleme; Ã‡arpÄ±tma'],ZayÄ±f,"Ãœlkede Kripto Yunan ve Ermeni sorunu var.
Ãœlkede merhametten yoksun bir hayvani kitle var.
Ãœlkede demokrasiden nasbini almamÄ±ÅŸ faÅŸistler var..
Ãœlkede insanlÄ±ÄŸÄ±nÄ± yitirmiÅŸ %45 lik biğŸ’©sorunu var.. https://t.co/FDttSIkTqi",Åura,2023-12-26T01:04:35,Armenian,1658090280505990912,TÃ¼rkÃ§e,1
Ermeni KarÅŸÄ±tÄ±,"['Irk/Etnik KÃ¶ken', 'Hedef grup birden fazla.']",6,['Abartma; Genelleme; YÃ¼kleme; Ã‡arpÄ±tma'],Yok,"@melikyigitel @hby34 @ahakanbayrakci @meteyarar Ermeni Ã§eteÃ§i torunlarÄ± AleviliÄŸi ,""Alisiz alevilik"" adÄ± altÄ±nda Gizli HiristiyanlÄ±ÄŸÄ±n maskesi olarak kullanÄ±yor.",DenÃ§a,2023-08-02T16:42:18,Armenian,1658565277473295872,TÃ¼rkÃ§e,1
Ermeni KarÅŸÄ±tÄ±,"['Irk/Etnik KÃ¶ken', 'Hedef grup birden fazla.']",8,['KÃ¼fÃ¼r; Hakaret; AÅŸaÄŸÄ±lama; Ä°nsandÄ±ÅŸÄ±laÅŸtÄ±rma'],ZayÄ±f,@kilicdarogluk Bu Ermeni CHPKK'lÄ±lar  Pkk'nÄ±n oylarÄ±nÄ± MilliyetÃ§i AtatÃ¼rkÃ§Ã¼lerin oylarÄ±na tercih etti.,Åura,2023-12-26T01:04:28,Armenian,1658108835888865024,TÃ¼rkÃ§e,1
Ermeni KarÅŸÄ±tÄ±,"['Irk/Etnik KÃ¶ken', 'Hedef grup belirgin deÄŸil veya yok.']",5,"['Abartma; Genelleme; YÃ¼kleme; Ã‡arpÄ±tma', 'KÃ¼fÃ¼r; Hakaret; AÅŸaÄŸÄ±lama; Ä°nsandÄ±ÅŸÄ±laÅŸtÄ±rma']",Åiddetli,@shahahshahahh @pusholder La ne diyosun ermeni domuzuğŸ¤£kk denen bir ayaÄŸÄ± kabirde olan dede avrupa ve ermenilere itlik yapÄ±cak diye AzerbaycanÄ± saf dÄ±ÅŸÄ± bÄ±rakÄ±yordu geÃ§en ne oldu o iÅŸ?ğŸ¤£ terrÃ¶rist kÃ¶pekler,Pelin,2023-09-13T10:39:38,Armenian,1657981411918216960,TÃ¼rkÃ§e,2
Ermeni KarÅŸÄ±tÄ±,['Irk/Etnik KÃ¶ken'],7,['KÃ¼fÃ¼r; Hakaret; AÅŸaÄŸÄ±lama; Ä°nsandÄ±ÅŸÄ±laÅŸtÄ±rma'],ZayÄ±f,"@ogeday_nigar TÃ¼rkiye ve Azarbaycan arasÄ±nÄ± bozmaya kalkanlar ya ermeni sevicidir yada yunan sevicidir baÅŸka tÃ¼rlÃ¼ olamaz,
Bunlar JÃ¶n TÃ¼rktÃ¼r yane gerÃ§ek TÃ¼rk deÄŸil.",Åura,2023-12-26T01:04:35,Armenian,1658446368812219904,TÃ¼rkÃ§e,1
Ermeni KarÅŸÄ±tÄ±,"['Irk/Etnik KÃ¶ken', 'Ãœlke/Milliyet']",8,"['DÄ±ÅŸlama; AyrÄ±mcÄ± SÃ¶ylem', 'SimgeleÅŸtirme', 'Abartma; Genelleme; YÃ¼kleme; Ã‡arpÄ±tma']",Yok,@TugbaKayraAkkoc Vatan haini kÃ¼rt gÃ¶rÃ¼nÃ¼mlÃ¼ ermeni ya da terÃ¶rist olan kim varsa tÃ¼rkler de var gÃ¶rÃ¼yoruz. Deprem size olmaz mÄ± sanÄ±yorsunuz? BÃ¼yÃ¼k konuÅŸmussunuz. YapÄ±lan yardÄ±m yapÄ±lÄ±r unutulur oysa ki. KaÃ§ Lira gÃ¶nderdiyseniz toplayacak bir grup gÃ¶nderin dekontlarÄ± maÄŸdur olmayÄ±n Ã¶deyelim#YazÄ±k,Elif GÃ¼lben,2023-09-13T11:59:44,Armenian,1658204664758690048,TÃ¼rkÃ§e,3
Ermeni KarÅŸÄ±tÄ±,['Belli GÃ¶rÃ¼ÅŸ/StatÃ¼/Uygulama; Mesleki Pozisyon Grubu'],8,['KÃ¼fÃ¼r; Hakaret; AÅŸaÄŸÄ±lama; Ä°nsandÄ±ÅŸÄ±laÅŸtÄ±rma'],Åiddetli,@rbt31314 @StMyKE @temmuz1919 Kimi tasfiye edecek Ã¶zerklik vaad edip neredeyse silme oylarÄ±nÄ± aldÄ±ÄŸÄ± hdpkk yÄ± mÄ±? Dikkat edin de sizi iyice tasfiye etmesin ermeni Kemal.,Åura,2023-12-26T01:04:35,Armenian,1658128865565236992,TÃ¼rkÃ§e,1
Ermeni KarÅŸÄ±tÄ±,"['Irk/Etnik KÃ¶ken', 'Ãœlke/Milliyet', 'Belli GÃ¶rÃ¼ÅŸ/StatÃ¼/Uygulama; Mesleki Pozisyon Grubu', 'Hedef grup birden fazla.']",4,"['Abartma; Genelleme; YÃ¼kleme; Ã‡arpÄ±tma', 'KÃ¼fÃ¼r; Hakaret; AÅŸaÄŸÄ±lama; Ä°nsandÄ±ÅŸÄ±laÅŸtÄ±rma']",Åiddetli,@OzanStark @erkbas @serakadigil sera sayesinde mi lol ya kadÄ±n ermeni soykÄ±rÄ±mÄ±nda yok ananem babaanenm falan dei ozan ne anlatÄ±yon birader sen erkanbaÅŸ gÃ¼ler yÃ¼zlÃ¼ymÃ¼ÅŸ ulan selo oÃ§una samimi dostum diyen adam naif olmuÅŸmuÅŸ hadi lan oradan,Altar,2024-01-10T21:18:00,Armenian,1658234587896507904,TÃ¼rkÃ§e,2
Ermeni KarÅŸÄ±tÄ±,"['Irk/Etnik KÃ¶ken', 'Din', 'Cinsel YÃ¶nelim']",3,"['Abartma; Genelleme; YÃ¼kleme; Ã‡arpÄ±tma', 'KÃ¼fÃ¼r; Hakaret; AÅŸaÄŸÄ±lama; Ä°nsandÄ±ÅŸÄ±laÅŸtÄ±rma']",ZayÄ±f,"DEPREM bÃ¶lgesinde istedikleri oyu alamayan Yunan Ermeni Yahudi torunlarÄ± kÃ¼fÃ¼r etmeye baÅŸladÄ±lar, Lut kavminde an beÅŸ yirmi kiÅŸi olan LGBT nin yÃ¼zÃ¼nden Lut kavmi helak oldu.  ÅŸimdi LGBT binlerce ahlaksÄ±zlÄ±klarÄ± yÃ¼zÃ¼nden TÃ¼rkiye DEPREMLER oluyor suÃ§lu MÃ¼slÃ¼manlarÄ± gÃ¶steriyorlar.",Pelin,2023-09-13T10:39:19,Armenian,1658414252774810112,TÃ¼rkÃ§e,2
Ermeni KarÅŸÄ±tÄ±,"['Irk/Etnik KÃ¶ken', 'Ãœlke/Milliyet', 'Hedef grup birden fazla.']",10,"['DÄ±ÅŸlama; AyrÄ±mcÄ± SÃ¶ylem', 'SimgeleÅŸtirme', 'Abartma; Genelleme; YÃ¼kleme; Ã‡arpÄ±tma', 'KÃ¼fÃ¼r; Hakaret; AÅŸaÄŸÄ±lama; Ä°nsandÄ±ÅŸÄ±laÅŸtÄ±rma', 'DÃ¼ÅŸmanlÄ±k; SavaÅŸ; SaldÄ±rÄ±; Ã–ldÃ¼rme; Yaralama Tehdidi']",Åiddetli,@KararHaber Bay Devit havadan milletvikili kazandÄ± kendini bir bâ€¦k zannediyor CHdP koltuk iÃ§in oylarÄ±nÄ± sattÄ± bay Devit ve Becana ÅŸimdide ÅŸaibe var diyor 29mayÄ±sta millet ne vatan haini ermeni dÃ¶lleri olduÄŸunuzu gÃ¶sterecek Maral hanÄ±mÄ±n milliyetÃ§i sesi Ã§Ä±kmÄ±yor Bay Kk azerileri pas geÃ§ince,Helin,2024-04-15T21:10:19,Armenian,1658682337129897984,TÃ¼rkÃ§e,5
Ermeni KarÅŸÄ±tÄ±,"['Irk/Etnik KÃ¶ken', 'Ãœlke/Milliyet', 'Hedef grup birden fazla.']",9,"['DÄ±ÅŸlama; AyrÄ±mcÄ± SÃ¶ylem', 'SimgeleÅŸtirme']",Yok,@Avicenna_Razi Ben onun babasÄ±nÄ±n TÃ¼rk olduÄŸuna inanmÄ±yorum ermeni kalÄ±ntÄ±larÄ±nÄ±ndan olabilir yada kurtuluÅŸ savaÅŸÄ±nda geride bÄ±rakÄ±lmÄ±ÅŸ yunan kalÄ±ntÄ±larÄ± olabilir,Elif GÃ¼lben,2023-09-13T11:59:44,Armenian,1658445187541085952,TÃ¼rkÃ§e,2
Ermeni KarÅŸÄ±tÄ±,"['Irk/Etnik KÃ¶ken', 'Ãœlke/Milliyet']",7,"['DÄ±ÅŸlama; AyrÄ±mcÄ± SÃ¶ylem', 'SimgeleÅŸtirme']",Yok,@mustafaaliyilm @TCMuge @umitozdag Bu post iÃ§in teÅŸekkÃ¼rler...AzerbaycanÄ± dÃ¼ÅŸman olarak gÃ¶ren ancak ermeni olabilir... gerÃ§ek yÃ¼zlerini saklÄ±yorlar sadece...bunlardan bir cacÄ±k olmaz...,Elif GÃ¼lben,2023-09-13T11:59:28,Armenian,1658076767112818944,TÃ¼rkÃ§e,2
Ermeni KarÅŸÄ±tÄ±,"['Irk/Etnik KÃ¶ken', 'Ãœlke/Milliyet', 'Din', 'Hedef grup birden fazla.']",8,"['DÄ±ÅŸlama; AyrÄ±mcÄ± SÃ¶ylem', 'SimgeleÅŸtirme', 'Abartma; Genelleme; YÃ¼kleme; Ã‡arpÄ±tma', 'KÃ¼fÃ¼r; Hakaret; AÅŸaÄŸÄ±lama; Ä°nsandÄ±ÅŸÄ±laÅŸtÄ±rma']",ZayÄ±f,"@turker_aknc Bu Hain, atasÄ± ya Ermeni yada Rumdan yada Yahudiden dÃ¶nme bir p...Ã§. iddia ederimki bu hainliÄŸi yapmak iÃ§in dÃ¼ÅŸmanlarÄ±mÄ±zÄ±n kiraladÄ±ÄŸÄ± iÃ§imizdeki bir ajandan baÅŸka bir ÅŸey deÄŸildir. Maksat belli MÃ¼slÃ¼man TÃ¼rk Milletine Psikolojik harp uygulamak. Lakin biz oyuna gelmeyiz Vesselam!",Elif GÃ¼lben,2023-09-13T12:00:18,Armenian,1658592156905251072,TÃ¼rkÃ§e,4
Ermeni KarÅŸÄ±tÄ±,"['Irk/Etnik KÃ¶ken', 'Belli GÃ¶rÃ¼ÅŸ/StatÃ¼/Uygulama; Mesleki Pozisyon Grubu']",4,"['DÄ±ÅŸlama; AyrÄ±mcÄ± SÃ¶ylem', 'SimgeleÅŸtirme']",Yok,@kilicdarogluk Host  pak herkes  senin gibi kiviramiyor icinden gecenleri soyluyor niye biliyormusun cunku biz TURKuz sizin gibi ermeni degil,Erdem,2023-08-15T21:16:58,Armenian,1658573296915427072,TÃ¼rkÃ§e,2
Ermeni KarÅŸÄ±tÄ±,['Irk/Etnik KÃ¶ken'],5,['Abartma; Genelleme; YÃ¼kleme; Ã‡arpÄ±tma'],ZayÄ±f,@umaydoktrin Åantaj mÄ± yapacak en fazla gidip hdpkk nÄ±n desteklediÄŸi ermeni kÄ±lÄ±Ã§daroÄŸlu'na oy verip sahte TÃ¼rkÃ§Ã¼lÃ¼k yapar  ama TÃ¼rk milleti YEMEZ,Åura,2023-12-26T01:04:35,Armenian,1658386025436048896,TÃ¼rkÃ§e,1
Ermeni KarÅŸÄ±tÄ±,"['Irk/Etnik KÃ¶ken', 'Ãœlke/Milliyet']",8,"['DÄ±ÅŸlama; AyrÄ±mcÄ± SÃ¶ylem', 'SimgeleÅŸtirme', 'KÃ¼fÃ¼r; Hakaret; AÅŸaÄŸÄ±lama; Ä°nsandÄ±ÅŸÄ±laÅŸtÄ±rma']",ZayÄ±f,@OznalbantAysun @yenisafak Dogru ne yaptÄ±ysa devlet ve tÃ¼rk halkÄ± yaptÄ± sizin gibi ermeni artÄ±klarÄ± da olmasa,Elif GÃ¼lben,2023-09-13T11:59:44,Armenian,1658244572315546112,TÃ¼rkÃ§e,3
Ermeni KarÅŸÄ±tÄ±,"['Irk/Etnik KÃ¶ken', 'Hedef grup birden fazla.']",10,['KÃ¼fÃ¼r; Hakaret; AÅŸaÄŸÄ±lama; Ä°nsandÄ±ÅŸÄ±laÅŸtÄ±rma'],Åiddetli,"atatÃ¼rkcÃ¼ faÅŸist ganÄ±bozuk
Ã¶teki ermeni keMAList KK faÅŸisti iyi tanÄ±r tabi
al birini vur Ã¶tekine
ikside Anadolu evladÄ± deÄŸil KK iran asÄ±llÄ±
tanjÃ¼ balkan cingeni https://t.co/CKIiqr4kZR",Åura,2023-12-26T01:04:35,Armenian,1658425958649541120,TÃ¼rkÃ§e,1
Ermeni KarÅŸÄ±tÄ±,['Irk/Etnik KÃ¶ken'],4,['SimgeleÅŸtirme'],Yok,Ama Sinan OÄŸan ve Ãœmit Ã–zdaÄŸ DuruÅŸlarÄ±nÄ± hiÃ§ bir sebeple hiÃ§ bir tekliflere hiÃ§ bir tehtitlere karÅŸÄ± duruÅŸlarÄ±nÄ± bozmadÄ±lar. Neden? TÃ¼rk. Ã‡Ã¼nkÃ¼ AtatÃ¼rk'Ã¼n izinden gitmeyenler ancak reklam yÃ¼zÃ¼yle halkÄ± kandÄ±ran kÃ¶kÃ¼ Ermeni olanlar TÃ¼rkiye'yi daÄŸÄ±tmaya ayrÄ±ÅŸtÄ±rmaya kalkÄ±ÅŸÄ±rlar.,DenÃ§a,2023-08-02T16:42:18,Armenian,1657903960957526016,TÃ¼rkÃ§e,1
GÃ¶Ã§men/MÃ¼lteci KarÅŸÄ±tÄ±,"['Ãœlke/Milliyet', 'Belli GÃ¶rÃ¼ÅŸ/StatÃ¼/Uygulama; Mesleki Pozisyon Grubu']",3,"['SimgeleÅŸtirme', 'Abartma; Genelleme; YÃ¼kleme; Ã‡arpÄ±tma', 'DÃ¼ÅŸmanlÄ±k; SavaÅŸ; SaldÄ±rÄ±; Ã–ldÃ¼rme; Yaralama Tehdidi']",Yok,"Mersin KYK kÄ±z yurdundan Ã§Ä±kartÄ±lan Suriyeliler Konya'ya geliyormuÅŸ. Suriyelilerin yeri Konya deÄŸil sÄ±nÄ±r dÄ±ÅŸÄ± edilmek.

#KonyadaSuriyeliÄ°stemiyoruz",Erdem,2023-07-04T08:34:37,Refugees,1623823644391612416,TÃ¼rkÃ§e,3
GÃ¶Ã§men/MÃ¼lteci KarÅŸÄ±tÄ±,['Irk/Etnik KÃ¶ken'],0,"['DÄ±ÅŸlama; AyrÄ±mcÄ± SÃ¶ylem', 'Nefret sÃ¶ylemi bulunmuyor']",ZayÄ±f,ÃœLKEEMDEEE MÃœLTECÄ°Ä° Ä°STEMÄ°YORUUMM #Ã¼lkemdemÃ¼lteciistemiyorum https://t.co/aRfhRJkbzX,AygÃ¼n,2023-03-21T13:16:21,Refugees,1624168342125699075,TÃ¼rkÃ§e,2
GÃ¶Ã§men/MÃ¼lteci KarÅŸÄ±tÄ±,['Belli GÃ¶rÃ¼ÅŸ/StatÃ¼/Uygulama; Mesleki Pozisyon Grubu'],0,"['DÄ±ÅŸlama; AyrÄ±mcÄ± SÃ¶ylem', 'Nefret sÃ¶ylemi bulunmuyor']",Yok,Ekran gÃ¶rÃ¼ntÃ¼sÃ¼ alÄ±n silerler bunu da Ã§Ã¼nkÃ¼. #Ã¼lkemdemÃ¼lteciistemiyorum #AFAD # https://t.co/NmsbXLHNlG,Ebrar,2023-02-23T11:09:06,Refugees,1624728009352613889,TÃ¼rkÃ§e,2
GÃ¶Ã§men/MÃ¼lteci KarÅŸÄ±tÄ±,['Ãœlke/Milliyet'],5,['Abartma; Genelleme; YÃ¼kleme; Ã‡arpÄ±tma'],Yok,"@username Haber TÃ¼rk muhabiri idi sanÄ±rÄ±m, BATTANÄ°YELER Ã–NCELÄ°KLE SURÄ°YELÄ°LER'E VERÄ°LÄ°YOR demiÅŸti diye biliyorum.
YardÄ±m ve gasp Suriyeliler'e, SÃ¼rmek de Bizlere...",Deniz,2023-09-22T18:59:46,Refugees,1623825448865001480,TÃ¼rkÃ§e,1
GÃ¶Ã§men/MÃ¼lteci KarÅŸÄ±tÄ±,"['Ãœlke/Milliyet', 'Belli GÃ¶rÃ¼ÅŸ/StatÃ¼/Uygulama; Mesleki Pozisyon Grubu']",6,"['DÄ±ÅŸlama; AyrÄ±mcÄ± SÃ¶ylem', 'DÃ¼ÅŸmanlÄ±k; SavaÅŸ; SaldÄ±rÄ±; Ã–ldÃ¼rme; Yaralama Tehdidi']",Yok,"@username #ÃœlkemdeMÃ¼lteciÄ°stemiyorum 
#SuriyelilerSuriyeyeğŸ˜¡ğŸ‘ŠğŸ½",Erdem,2023-03-21T08:23:03,Refugees,1624170671960907802,TÃ¼rkÃ§e,2
GÃ¶Ã§men/MÃ¼lteci KarÅŸÄ±tÄ±,['Belli GÃ¶rÃ¼ÅŸ/StatÃ¼/Uygulama; Mesleki Pozisyon Grubu'],6,['DÄ±ÅŸlama; AyrÄ±mcÄ± SÃ¶ylem'],Yok,@username #ÃœlkemdeMÃ¼lteciÄ°stemiyorum,Meryem,2023-02-23T11:10:18,Refugees,1623756920413716481,TÃ¼rkÃ§e,1
GÃ¶Ã§men/MÃ¼lteci KarÅŸÄ±tÄ±,['Ãœlke/Milliyet'],0,['Nefret sÃ¶ylemi bulunmuyor'],Yok,#Ã¼lkemdemÃ¼lteciistemiyorum,Mert,2023-04-11T08:12:03,Refugees,1624301691804782596,TÃ¼rkÃ§e,1
GÃ¶Ã§men/MÃ¼lteci KarÅŸÄ±tÄ±,['Belli GÃ¶rÃ¼ÅŸ/StatÃ¼/Uygulama; Mesleki Pozisyon Grubu'],0,['DÄ±ÅŸlama; AyrÄ±mcÄ± SÃ¶ylem'],Yok,Ya bu sorun mecliste Ã§Ã¶zÃ¼lecek yada bugÃ¼nki gibi karÅŸÄ±lÄ±k bulacaklar #Ã¼lkemdemÃ¼lteciistemiyorum,Mehmet,2023-03-23T12:07:23,Refugees,1624166577082884126,TÃ¼rkÃ§e,1
GÃ¶Ã§men/MÃ¼lteci KarÅŸÄ±tÄ±,['Ãœlke/Milliyet'],3,['KÃ¼fÃ¼r; Hakaret; AÅŸaÄŸÄ±lama; Ä°nsandÄ±ÅŸÄ±laÅŸtÄ±rma'],ZayÄ±f,"Allah hepinizin belasÄ±nÄ± versin be bÄ±ktÄ±k sizden sizin gibi din kardeÅŸi olmaz olsun kendi nefesinizde boÄŸulursunuz inÅŸallah AllahÄ±n belalarÄ± #serefsiz #Ã¼lkemdemÃ¼lteciistemiyorum
#uelkemdesuriyeliistemiyorum https://t.co/CwiOIpFhDy",Mert,2023-04-11T08:12:26,Refugees,1623466808551387140,TÃ¼rkÃ§e,1
GÃ¶Ã§men/MÃ¼lteci KarÅŸÄ±tÄ±,"['Irk/Etnik KÃ¶ken', 'Belli GÃ¶rÃ¼ÅŸ/StatÃ¼/Uygulama; Mesleki Pozisyon Grubu', 'Hedef grup birden fazla.']",8,"['DÄ±ÅŸlama; AyrÄ±mcÄ± SÃ¶ylem', 'KÃ¼fÃ¼r; Hakaret; AÅŸaÄŸÄ±lama; Ä°nsandÄ±ÅŸÄ±laÅŸtÄ±rma', 'DÃ¼ÅŸmanlÄ±k; SavaÅŸ; SaldÄ±rÄ±; Ã–ldÃ¼rme; Yaralama Tehdidi']",Åiddetli,Siktirolup gidin artÄ±k bu Ã¼lkeden.Vatan hainleri sabrÄ±mÄ±z taÅŸtÄ± artÄ±k suriyenin piÃ§leri #Ã¼lkemdemÃ¼lteciistemiyorum,Bekir,2023-03-22T10:30:44,Refugees,1624167435212316705,TÃ¼rkÃ§e,3
GÃ¶Ã§men/MÃ¼lteci KarÅŸÄ±tÄ±,['Ãœlke/Milliyet'],8,"['SimgeleÅŸtirme', 'KÃ¼fÃ¼r; Hakaret; AÅŸaÄŸÄ±lama; Ä°nsandÄ±ÅŸÄ±laÅŸtÄ±rma', 'DÃ¼ÅŸmanlÄ±k; SavaÅŸ; SaldÄ±rÄ±; Ã–ldÃ¼rme; Yaralama Tehdidi']",ZayÄ±f,"SURIYELILERI KYK YURTLARINA DEGIL ULKELERINE GONDERIN!! HIRSIZLARLI, GASPCILARLI, FIRSATCILARI, SAPIKLARI ULKEMIZDE ISTEMIYORUZ!!! #SuriyelilerSehirlerdenCÄ±kartÄ±n #suriyeliler #TurkeySyriaEarthquake",Erdem,2023-07-04T08:34:37,Refugees,1623824556006772738,TÃ¼rkÃ§e,3
GÃ¶Ã§men/MÃ¼lteci KarÅŸÄ±tÄ±,['Irk/Etnik KÃ¶ken'],4,['DÄ±ÅŸlama; AyrÄ±mcÄ± SÃ¶ylem'],ZayÄ±f,#ÃœLKEMDEMÃœLTECÄ°Ä°STEMÄ°YORUM https://t.co/u2USvIzS5t,Mehmet,2023-04-07T10:56:39,Refugees,1624403688348319744,TÃ¼rkÃ§e,1
GÃ¶Ã§men/MÃ¼lteci KarÅŸÄ±tÄ±,['Belli GÃ¶rÃ¼ÅŸ/StatÃ¼/Uygulama; Mesleki Pozisyon Grubu'],0,"['DÄ±ÅŸlama; AyrÄ±mcÄ± SÃ¶ylem', 'Nefret sÃ¶ylemi bulunmuyor']",Yok,#UElkemdeMuelteciÄ°stemiyorum #UElkemdeSuriyeliÄ°stemiyorum https://t.co/gmbZF671Jc,AygÃ¼n,2023-02-27T12:38:36,Refugees,1624183180029730816,TÃ¼rkÃ§e,2
GÃ¶Ã§men/MÃ¼lteci KarÅŸÄ±tÄ±,"['Ãœlke/Milliyet', 'Belli GÃ¶rÃ¼ÅŸ/StatÃ¼/Uygulama; Mesleki Pozisyon Grubu']",6,"['DÄ±ÅŸlama; AyrÄ±mcÄ± SÃ¶ylem', 'SimgeleÅŸtirme', 'Abartma; Genelleme; YÃ¼kleme; Ã‡arpÄ±tma', 'DÃ¼ÅŸmanlÄ±k; SavaÅŸ; SaldÄ±rÄ±; Ã–ldÃ¼rme; Yaralama Tehdidi']",Yok,"@username #Ã¼lkemdemÃ¼lteciistemiyorum 
#suriyeliyaÄŸmacÄ±larÄ±istemiyorum",Erdem,2023-04-11T08:08:51,Refugees,1624244302149832705,TÃ¼rkÃ§e,4
GÃ¶Ã§men/MÃ¼lteci KarÅŸÄ±tÄ±,['Irk/Etnik KÃ¶ken'],4,['DÄ±ÅŸlama; AyrÄ±mcÄ± SÃ¶ylem'],ZayÄ±f,"Bu tag iÃ§in Ã§ok geÃ§ kalÄ±ndÄ±..aÃ§Ä±k ve net mÃ¼ltecileri yollamayacak partilere oy yok..

#Ã¼lkemdemÃ¼lteciistemiyorum",Mehmet,2023-04-07T10:56:39,Refugees,1624379851179192320,TÃ¼rkÃ§e,1
GÃ¶Ã§men/MÃ¼lteci KarÅŸÄ±tÄ±,['Belli GÃ¶rÃ¼ÅŸ/StatÃ¼/Uygulama; Mesleki Pozisyon Grubu'],0,['Nefret sÃ¶ylemi bulunmuyor'],Yok,#ÃœlkemdeMÃ¼lteciÄ°stemiyorum https://t.co/agAR5l46lR,Ebrar,2023-02-23T11:09:06,Refugees,1624714686930251776,TÃ¼rkÃ§e,1
GÃ¶Ã§men/MÃ¼lteci KarÅŸÄ±tÄ±,"['Irk/Etnik KÃ¶ken', 'Belli GÃ¶rÃ¼ÅŸ/StatÃ¼/Uygulama; Mesleki Pozisyon Grubu', 'Hedef grup birden fazla.']",6,['DÄ±ÅŸlama; AyrÄ±mcÄ± SÃ¶ylem'],Yok,@username #UELKEMDESURÄ°YELÄ°Ä°STEMÄ°YORUM #uelkemdesuriyeliistemiyorum #UElkemdeMuelteciÄ°stemiyorum #UElkemdeSuriyeliÄ°stemiyorum,Meryem,2023-02-23T11:10:18,Refugees,1623751737654886400,TÃ¼rkÃ§e,1
GÃ¶Ã§men/MÃ¼lteci KarÅŸÄ±tÄ±,"['Ãœlke/Milliyet', 'Belli GÃ¶rÃ¼ÅŸ/StatÃ¼/Uygulama; Mesleki Pozisyon Grubu']",6,"['DÄ±ÅŸlama; AyrÄ±mcÄ± SÃ¶ylem', 'SimgeleÅŸtirme', 'Abartma; Genelleme; YÃ¼kleme; Ã‡arpÄ±tma', 'DÃ¼ÅŸmanlÄ±k; SavaÅŸ; SaldÄ±rÄ±; Ã–ldÃ¼rme; Yaralama Tehdidi']",Yok,"@username #Ã¼lkemdemÃ¼lteciistemiyorum 
#suriyeliyaÄŸmacÄ±larÄ±istemiyorum",Erdem,2023-04-11T08:08:51,Refugees,1624244378901311491,TÃ¼rkÃ§e,4
GÃ¶Ã§men/MÃ¼lteci KarÅŸÄ±tÄ±,['Belli GÃ¶rÃ¼ÅŸ/StatÃ¼/Uygulama; Mesleki Pozisyon Grubu'],7,['DÄ±ÅŸlama; AyrÄ±mcÄ± SÃ¶ylem'],Yok,MÃ¼ltecilerden nefret ettiÄŸim bir radde daha Ã¼lkemiz bÃ¼yÃ¼k bir deprem dolayÄ±sÄ± ile yas tutuyor bÃ¶yle bir zamanda gÃ¶rdÃ¼ÄŸÃ¼m gÃ¶rÃ¼ntÃ¼lere artÄ±k diyecek sÃ¶z bulamÄ±yorum ÅŸerefsizler #Ã¼lkemdemÃ¼lteciistemiyorum bu kadar,Meryem,2023-02-23T11:10:18,Refugees,1623765651096584200,TÃ¼rkÃ§e,1
GÃ¶Ã§men/MÃ¼lteci KarÅŸÄ±tÄ±,['Belli GÃ¶rÃ¼ÅŸ/StatÃ¼/Uygulama; Mesleki Pozisyon Grubu'],7,['DÄ±ÅŸlama; AyrÄ±mcÄ± SÃ¶ylem'],Yok,#Ã¼lkemdemÃ¼lteciistemiyorum hadi sÃ¶zde din kardeÅŸlerimiz narÅŸ narÅŸ Ã¼lkelerinize https://t.co/N6qOQqBVvD,Erdem,2023-03-21T08:23:03,Refugees,1624170659013091348,TÃ¼rkÃ§e,1
GÃ¶Ã§men/MÃ¼lteci KarÅŸÄ±tÄ±,['Belli GÃ¶rÃ¼ÅŸ/StatÃ¼/Uygulama; Mesleki Pozisyon Grubu'],0,['DÄ±ÅŸlama; AyrÄ±mcÄ± SÃ¶ylem'],Yok,Bir gÃ¼n Ã¼lkeye Bukadar mÃ¼lteci aldÄ±ÄŸÄ±nÄ±zÄ±n da bir hata olduÄŸunu sÃ¶yleyeceksiniz.. umarÄ±m bunu sÃ¶ylediÄŸiniz gÃ¼n Ã§ok geÃ§ kaldÄ±ÄŸÄ±nÄ±z gÃ¼nlerden biri gibi olmaz. #Ã¼lkemdemÃ¼lteciistemiyorum ğŸ‡¹ğŸ‡·,Mehmet,2023-03-23T12:07:23,Refugees,1624166538528841767,TÃ¼rkÃ§e,1
GÃ¶Ã§men/MÃ¼lteci KarÅŸÄ±tÄ±,"['Ãœlke/Milliyet', 'Belli GÃ¶rÃ¼ÅŸ/StatÃ¼/Uygulama; Mesleki Pozisyon Grubu']",5,"['DÄ±ÅŸlama; AyrÄ±mcÄ± SÃ¶ylem', 'SimgeleÅŸtirme', 'Abartma; Genelleme; YÃ¼kleme; Ã‡arpÄ±tma']",Yok,@username Ben #UElkemdemuelteciistemiyorum #UElkemdeSÄ±ÄŸÄ±nmacÄ±Ä°stemiyorum #Muelteciistemiyorum #artÄ±kyeter,Erdem,2023-04-11T08:08:24,Refugees,1624334610946576384,TÃ¼rkÃ§e,3
GÃ¶Ã§men/MÃ¼lteci KarÅŸÄ±tÄ±,['Belli GÃ¶rÃ¼ÅŸ/StatÃ¼/Uygulama; Mesleki Pozisyon Grubu'],0,"['DÄ±ÅŸlama; AyrÄ±mcÄ± SÃ¶ylem', 'Nefret sÃ¶ylemi bulunmuyor']",Yok,@username GÃ¶nderin gitsinler ozaman.. Yada biz boÅŸaltalÄ±m Ã¼lkeyi onlarÄ± tamamen taÅŸÄ±yÄ±n Ã¼lkenin ortasÄ±na... #Ã¼lkemdemÃ¼lteciistemiyorum,AygÃ¼n,2023-02-23T11:08:11,Refugees,1624925697918529537,TÃ¼rkÃ§e,2
GÃ¶Ã§men/MÃ¼lteci KarÅŸÄ±tÄ±,['Irk/Etnik KÃ¶ken'],4,['DÄ±ÅŸlama; AyrÄ±mcÄ± SÃ¶ylem'],ZayÄ±f,BazÄ± kahramanlar pelerin takmaz #Ã¼lkemdemÃ¼lteciistemiyorum #polis #istifa #depremzede #ahbab #carsi #yagma Yumruk #earthquakeinturkey https://t.co/lmSQtdrQIs,Firdevs,2023-03-06T10:44:45,Refugees,1624167918287085571,TÃ¼rkÃ§e,1
GÃ¶Ã§men/MÃ¼lteci KarÅŸÄ±tÄ±,['Belli GÃ¶rÃ¼ÅŸ/StatÃ¼/Uygulama; Mesleki Pozisyon Grubu'],0,"['DÄ±ÅŸlama; AyrÄ±mcÄ± SÃ¶ylem', 'Nefret sÃ¶ylemi bulunmuyor']",Yok,#Ã¼lkemdemÃ¼lteciistemiyorum https://t.co/2L6fKGg5OC,Erdem,2023-04-11T08:08:24,Refugees,1624330403245969408,TÃ¼rkÃ§e,2
GÃ¶Ã§men/MÃ¼lteci KarÅŸÄ±tÄ±,['Belli GÃ¶rÃ¼ÅŸ/StatÃ¼/Uygulama; Mesleki Pozisyon Grubu'],0,"['DÄ±ÅŸlama; AyrÄ±mcÄ± SÃ¶ylem', 'Nefret sÃ¶ylemi bulunmuyor']",Yok,#Ã¼lkemdemuelteciistemiyorum,AygÃ¼n,2023-02-27T12:38:36,Refugees,1624180465333686273,TÃ¼rkÃ§e,2
GÃ¶Ã§men/MÃ¼lteci KarÅŸÄ±tÄ±,['Irk/Etnik KÃ¶ken'],4,['DÄ±ÅŸlama; AyrÄ±mcÄ± SÃ¶ylem'],ZayÄ±f,@username @username #ÃœLKEMDEMÃœLTECÄ°Ä°STEMÄ°YORUM,Mehmet,2023-04-07T10:56:39,Refugees,1624398691959201793,TÃ¼rkÃ§e,1
GÃ¶Ã§men/MÃ¼lteci KarÅŸÄ±tÄ±,"['Irk/Etnik KÃ¶ken', 'Belli GÃ¶rÃ¼ÅŸ/StatÃ¼/Uygulama; Mesleki Pozisyon Grubu', 'Hedef grup birden fazla.']",6,"['DÄ±ÅŸlama; AyrÄ±mcÄ± SÃ¶ylem', 'Abartma; Genelleme; YÃ¼kleme; Ã‡arpÄ±tma']",Yok,#ÃœlkemdeMÃ¼lteciÄ°stemiyorum #suriyeliistemiyoruz https://t.co/wJFQtAakT0,Meryem,2023-02-23T11:09:57,Refugees,1623811024645226497,TÃ¼rkÃ§e,2
GÃ¶Ã§men/MÃ¼lteci KarÅŸÄ±tÄ±,['Belli GÃ¶rÃ¼ÅŸ/StatÃ¼/Uygulama; Mesleki Pozisyon Grubu'],0,['DÄ±ÅŸlama; AyrÄ±mcÄ± SÃ¶ylem'],Yok,Ã‡ok seven evinde beslesin. #Ã¼lkemdemÃ¼lteciistemiyorum,Mehmet,2023-03-23T12:07:23,Refugees,1624166555054399496,TÃ¼rkÃ§e,1
GÃ¶Ã§men/MÃ¼lteci KarÅŸÄ±tÄ±,"['Ãœlke/Milliyet', 'Belli GÃ¶rÃ¼ÅŸ/StatÃ¼/Uygulama; Mesleki Pozisyon Grubu']",6,"['DÄ±ÅŸlama; AyrÄ±mcÄ± SÃ¶ylem', 'SimgeleÅŸtirme', 'Abartma; Genelleme; YÃ¼kleme; Ã‡arpÄ±tma', 'DÃ¼ÅŸmanlÄ±k; SavaÅŸ; SaldÄ±rÄ±; Ã–ldÃ¼rme; Yaralama Tehdidi']",Yok,"@username #Ã¼lkemdemÃ¼lteciistemiyorum 
#suriyeliyaÄŸmacÄ±larÄ±istemiyorum",Erdem,2023-04-11T08:08:51,Refugees,1624247980755759104,TÃ¼rkÃ§e,4
GÃ¶Ã§men/MÃ¼lteci KarÅŸÄ±tÄ±,"['Ãœlke/Milliyet', 'Belli GÃ¶rÃ¼ÅŸ/StatÃ¼/Uygulama; Mesleki Pozisyon Grubu']",6,"['DÄ±ÅŸlama; AyrÄ±mcÄ± SÃ¶ylem', 'SimgeleÅŸtirme', 'Abartma; Genelleme; YÃ¼kleme; Ã‡arpÄ±tma', 'DÃ¼ÅŸmanlÄ±k; SavaÅŸ; SaldÄ±rÄ±; Ã–ldÃ¼rme; Yaralama Tehdidi']",Yok,"@username #Ã¼lkemdemÃ¼lteciistemiyorum 
#suriyeliyaÄŸmacÄ±larÄ±istemiyorum",Erdem,2023-04-11T08:08:51,Refugees,1624244967295135744,TÃ¼rkÃ§e,4
GÃ¶Ã§men/MÃ¼lteci KarÅŸÄ±tÄ±,['Belli GÃ¶rÃ¼ÅŸ/StatÃ¼/Uygulama; Mesleki Pozisyon Grubu'],7,"['DÄ±ÅŸlama; AyrÄ±mcÄ± SÃ¶ylem', 'KÃ¼fÃ¼r; Hakaret; AÅŸaÄŸÄ±lama; Ä°nsandÄ±ÅŸÄ±laÅŸtÄ±rma']",Åiddetli,@username #Ã¼lkemdesuriyeliistemiyorum #UElkemdeMuelteciÄ°stemiyorum #uelkemdeoruspucocuÄŸuistemiyorum #UElkemdeSÄ±ÄŸÄ±nmacÄ±Ä°stemiyorum #uelkemdeYaÄŸmacÄ±Ä°stemiyorum,Bekir,2023-04-03T14:25:42,Refugees,1624509034211540995,TÃ¼rkÃ§e,2
GÃ¶Ã§men/MÃ¼lteci KarÅŸÄ±tÄ±,['Ãœlke/Milliyet'],9,['KÃ¼fÃ¼r; Hakaret; AÅŸaÄŸÄ±lama; Ä°nsandÄ±ÅŸÄ±laÅŸtÄ±rma'],Åiddetli,Sktir olun gidin lan bu Ã¼lkeden srefsizz yaÄŸmacÄ±lar ulan kardeÅŸlerim orada canÄ±yla ugrasiyor bu oclar yaÄŸma yapÄ±yor #suriyeliler Suriyeliler https://t.co/JYmPyn3iVP,DenÃ§a,2023-06-01T08:20:03,Refugees,1623460376128937984,TÃ¼rkÃ§e,1
GÃ¶Ã§men/MÃ¼lteci KarÅŸÄ±tÄ±,['Ãœlke/Milliyet'],3,"['DÄ±ÅŸlama; AyrÄ±mcÄ± SÃ¶ylem', 'SimgeleÅŸtirme', 'Abartma; Genelleme; YÃ¼kleme; Ã‡arpÄ±tma']",Yok,AllahÄ±m kanÄ±mÄ±z canÄ±mÄ±z bu kadÄ±n iÅŸte bizim vatandaÅŸÄ±mÄ±z bu topraklarÄ±n kÄ±ymetini bilen bu kadÄ±n iÃ§te oy vermeleri iÃ§in TÃ¼rkiye Cumhuriyeti vatandaÅŸÄ± yapÄ±lan suriyeliler deÄŸil!! https://t.co/v58Bi3YJnt,Erdem,2023-07-04T08:34:37,Refugees,1623823541832499201,TÃ¼rkÃ§e,3
GÃ¶Ã§men/MÃ¼lteci KarÅŸÄ±tÄ±,['Ãœlke/Milliyet'],6,['Abartma; Genelleme; YÃ¼kleme; Ã‡arpÄ±tma'],Åiddetli,"@username @username @username Mall tÃ¼rkler Ã§adÄ±r bulamazken suriyeliler kykda, Ã¼lkede ÅŸu an kalacak yee sorunu var bunun en bÃ¼yÃ¼k nedeni sÄ±ÄŸÄ±nmacÄ±.. mallll",Åura,2023-09-22T18:57:57,Refugees,1625584158931050528,TÃ¼rkÃ§e,1
GÃ¶Ã§men/MÃ¼lteci KarÅŸÄ±tÄ±,['Irk/Etnik KÃ¶ken'],6,['DÃ¼ÅŸmanlÄ±k; SavaÅŸ; SaldÄ±rÄ±; Ã–ldÃ¼rme; Yaralama Tehdidi'],ZayÄ±f,Kendi Ã¼lkesine yardÄ±mÄ± dokunmayandan yardÄ±m beklenmez. Ne boÅŸ beleÅŸ suriyeli ne de Afgan benim vatanÄ±ma milletime bÃ¶yle zarar veremez #Ã¼lkemdemÃ¼lteciistemiyorum https://t.co/up0ExnkpKd,AygÃ¼n,2023-03-21T13:16:21,Refugees,1624168852287283239,TÃ¼rkÃ§e,1
GÃ¶Ã§men/MÃ¼lteci KarÅŸÄ±tÄ±,['Belli GÃ¶rÃ¼ÅŸ/StatÃ¼/Uygulama; Mesleki Pozisyon Grubu'],0,"['DÄ±ÅŸlama; AyrÄ±mcÄ± SÃ¶ylem', 'Nefret sÃ¶ylemi bulunmuyor']",Yok,"#ÃœlkemdeMÃ¼lteciÄ°stemiyorum 
#ÃœlkemdeSuriyeliÄ°stemiyorum",Ebrar,2023-02-23T11:08:48,Refugees,1624834326947921920,TÃ¼rkÃ§e,2
GÃ¶Ã§men/MÃ¼lteci KarÅŸÄ±tÄ±,['Belli GÃ¶rÃ¼ÅŸ/StatÃ¼/Uygulama; Mesleki Pozisyon Grubu'],0,"['DÄ±ÅŸlama; AyrÄ±mcÄ± SÃ¶ylem', 'Nefret sÃ¶ylemi bulunmuyor']",Yok,#Ã¼lkemdemÃ¼lteciistemiyorum,Erdem,2023-04-11T08:08:24,Refugees,1624331793015922690,TÃ¼rkÃ§e,2
GÃ¶Ã§men/MÃ¼lteci KarÅŸÄ±tÄ±,['Belli GÃ¶rÃ¼ÅŸ/StatÃ¼/Uygulama; Mesleki Pozisyon Grubu'],5,['Abartma; Genelleme; YÃ¼kleme; Ã‡arpÄ±tma'],ZayÄ±f,"Destek Ã§Ä±ktÄ±ÄŸÄ±nÄ±z suriyeliler kyk'yÄ± yaÄŸmaladÄ±, kÄ±zlarÄ± taciz etti. Oraya bile saatler sonra zar zor yetiÅŸtiniz. Ne kabul ettiÄŸiniz 10 milyon boÅŸ insana ne de 10 ilinize sahip Ã§Ä±kamadÄ±nÄ±z. YazÄ±klar olsun. Ä°ndireceÄŸiz sizi tahtÄ±nÄ±zdan.",Bekir,2023-06-12T08:12:03,Refugees,1623822949542240256,TÃ¼rkÃ§e,1
GÃ¶Ã§men/MÃ¼lteci KarÅŸÄ±tÄ±,"['Ãœlke/Milliyet', 'Belli GÃ¶rÃ¼ÅŸ/StatÃ¼/Uygulama; Mesleki Pozisyon Grubu']",9,"['DÄ±ÅŸlama; AyrÄ±mcÄ± SÃ¶ylem', 'KÃ¼fÃ¼r; Hakaret; AÅŸaÄŸÄ±lama; Ä°nsandÄ±ÅŸÄ±laÅŸtÄ±rma', 'DÃ¼ÅŸmanlÄ±k; SavaÅŸ; SaldÄ±rÄ±; Ã–ldÃ¼rme; Yaralama Tehdidi']",Åiddetli,"BÄ°Z IRKÃ‡I DEÄÄ°LÄ°Z AMA ENAYÄ° DE DEÄÄ°LÄ°Z. BU MÄ°SAFÄ°RLÄ°K FAZLA SÃœRDÃœ..
#UElkemdeSÄ±ÄŸÄ±nmacÄ±Ä°stemiyorum
#UElkemdemuelteciistemiyorum 
#uelkemdeoruspucocuÄŸuistemiyorum",Erdem,2023-04-11T08:08:51,Refugees,1624272510404464641,TÃ¼rkÃ§e,3
GÃ¶Ã§men/MÃ¼lteci KarÅŸÄ±tÄ±,['Ãœlke/Milliyet'],0,['Nefret sÃ¶ylemi bulunmuyor'],Yok,Bize bÄ±rakÄ±rsanÄ±z biz sizin yapmanÄ±z gerekeni yaparÄ±z. #Ã¼lkemdemÃ¼lteciistemiyorum https://t.co/ZlnQHSkzlQ,Mert,2023-04-11T08:12:03,Refugees,1624290515918155776,TÃ¼rkÃ§e,1
GÃ¶Ã§men/MÃ¼lteci KarÅŸÄ±tÄ±,['Belli GÃ¶rÃ¼ÅŸ/StatÃ¼/Uygulama; Mesleki Pozisyon Grubu'],6,['DÄ±ÅŸlama; AyrÄ±mcÄ± SÃ¶ylem'],ZayÄ±f,#geldiÄŸinizgÃ¼nelanetolsun #Ã¼lkemdemÃ¼lteciistemiyorum https://t.co/SWrJmKrORl,Meryem,2023-02-23T11:10:18,Refugees,1623781873125146626,TÃ¼rkÃ§e,1
GÃ¶Ã§men/MÃ¼lteci KarÅŸÄ±tÄ±,['Irk/Etnik KÃ¶ken'],4,['DÄ±ÅŸlama; AyrÄ±mcÄ± SÃ¶ylem'],ZayÄ±f,#UElkemdeMuelteciÄ°stemiyorum #UELKEMDEMUELTECÄ°Ä°STEMÄ°YORUM,Mehmet,2023-04-07T10:56:39,Refugees,1624403898000629761,TÃ¼rkÃ§e,1
GÃ¶Ã§men/MÃ¼lteci KarÅŸÄ±tÄ±,['Belli GÃ¶rÃ¼ÅŸ/StatÃ¼/Uygulama; Mesleki Pozisyon Grubu'],6,['DÄ±ÅŸlama; AyrÄ±mcÄ± SÃ¶ylem'],Yok,"@username hiÃ§ istememiÅŸtik ÅŸimdi daha kararlÄ± bir ÅŸekilde istemiyoruz..
#Ã¼lkemdemÃ¼lteciistemiyorum",Mehmet,2023-04-07T10:56:00,Refugees,1624420123099422720,TÃ¼rkÃ§e,1
GÃ¶Ã§men/MÃ¼lteci KarÅŸÄ±tÄ±,['Belli GÃ¶rÃ¼ÅŸ/StatÃ¼/Uygulama; Mesleki Pozisyon Grubu'],6,['Abartma; Genelleme; YÃ¼kleme; Ã‡arpÄ±tma'],Yok,#Ã¼lkemdemÃ¼lteciistemiyorum https://t.co/Js2q9cS0bQ,Elif NeÅŸe,2023-04-03T14:18:52,Refugees,1624165605958946816,TÃ¼rkÃ§e,1
GÃ¶Ã§men/MÃ¼lteci KarÅŸÄ±tÄ±,['Belli GÃ¶rÃ¼ÅŸ/StatÃ¼/Uygulama; Mesleki Pozisyon Grubu'],0,['Nefret sÃ¶ylemi bulunmuyor'],Yok,@username #Ã¼lkemdemÃ¼lteciistemiyorum,Ebrar,2023-02-23T11:09:06,Refugees,1624653249050443777,TÃ¼rkÃ§e,1
GÃ¶Ã§men/MÃ¼lteci KarÅŸÄ±tÄ±,['Ãœlke/Milliyet'],1,['SimgeleÅŸtirme'],Yok,"@username @username @username #suriye
#suriyeli
#Ã¼lkemdemÃ¼lteciistemiyorum
#afgan",Mert,2023-04-11T08:12:26,Refugees,1623416981016702978,TÃ¼rkÃ§e,1
GÃ¶Ã§men/MÃ¼lteci KarÅŸÄ±tÄ±,"['Irk/Etnik KÃ¶ken', 'Ãœlke/Milliyet']",5,['Abartma; Genelleme; YÃ¼kleme; Ã‡arpÄ±tma'],Yok,@username Ãœniversiteler Suriyeliler rahat etsin diye. KapatÄ±ldÄ± bu kadar basit malum oy lazÄ±m oy iÃ§in bir gÃ¶tlerini yalamadÄ±ÄŸÄ±mÄ±z kaldÄ±,Bekir,2023-06-12T08:13:45,Refugees,1624541272705736706,TÃ¼rkÃ§e,1
GÃ¶Ã§men/MÃ¼lteci KarÅŸÄ±tÄ±,['Irk/Etnik KÃ¶ken'],3,['Abartma; Genelleme; YÃ¼kleme; Ã‡arpÄ±tma'],Yok,"Bu bir projedir, boÅŸaltÄ±lan yere suriyeliler doldurulacak demografik olarak Ã§oÄŸunluÄŸu elde edecekler ve belki kÄ±sa sÃ¼rede yada 10 yÄ±la kalmaz referandum isteyecekler uluslararasÄ± aranedan destek isteyecekler ve bulacaklar sonrasÄ± mÄ±,uyuyun uyuyun bizde zaten herÅŸey komple teorisi https://t.co/7ehGGpl8FC",Bekir,2023-06-12T08:13:45,Refugees,1625257487803744262,TÃ¼rkÃ§e,1
GÃ¶Ã§men/MÃ¼lteci KarÅŸÄ±tÄ±,['Irk/Etnik KÃ¶ken'],0,"['DÄ±ÅŸlama; AyrÄ±mcÄ± SÃ¶ylem', 'Nefret sÃ¶ylemi bulunmuyor']",Yok,@username #Ã¼lkemdemÃ¼lteciistemiyorum,AygÃ¼n,2023-03-21T13:16:21,Refugees,1624168862781431830,TÃ¼rkÃ§e,2
Yahudi KarÅŸÄ±tÄ±,['Ãœlke/Milliyet'],0,['Nefret sÃ¶ylemi bulunmuyor'],Yok,"Ey Ä°nsanlÄ±k Nerdesinâ“
Ey DÃ¼nya Niye Sessizsinâ“

Ä°srail ordusunun, #Gazzeâ€™ye yÃ¶nelik saldÄ±rÄ±larÄ± devam ediyorâ—

SaldÄ±rÄ±larda aralarÄ±nda 5 yaÅŸÄ±nda bir Ã§ocuÄŸun da buluduÄŸu 12 masum hayatÄ±nÄ± kaybetti, 84 kardeÅŸimiz de yaralandÄ±.

Ä°srail'i Åiddetle KÄ±nÄ±yorum.

#GazzeAtesAltÄ±nda https://t.co/FJAlBLNuJZ",Selin,2023-04-05T13:42:21,Isr-Pal,1555925857637699585,TÃ¼rkÃ§e,1
Yahudi KarÅŸÄ±tÄ±,['Ãœlke/Milliyet'],9,['KÃ¼fÃ¼r; Hakaret; AÅŸaÄŸÄ±lama; Ä°nsandÄ±ÅŸÄ±laÅŸtÄ±rma'],Åiddetli,"Ã‡ocuk katilleri!
Lanetli kavim!
Ã‡Ã¶llere dÃ¼ÅŸÃ¼n son kez ve bir daha Ã§Ä±kamayÄ±n.

#GazaUnderAttack 
#GazzeAtesAltÄ±nda 
#Gazze",Batuhan,2022-12-30T17:17:38,Isr-Pal,1556025770488774658,,1
Yahudi KarÅŸÄ±tÄ±,['Ãœlke/Milliyet'],6,['KÃ¼fÃ¼r; Hakaret; AÅŸaÄŸÄ±lama; Ä°nsandÄ±ÅŸÄ±laÅŸtÄ±rma'],ZayÄ±f,Bu itrail her seyiyle insanlÄ±ÄŸÄ±n yÃ¼zkarasi. #RobertMaloneYalnÄ±zDeÄŸilsin https://t.co/6NY2XiLpQ6,Elif Erol,2023-01-27T15:41:09,Isr-Pal,1473971550542090246,TÃ¼rkÃ§e,1
Yahudi KarÅŸÄ±tÄ±,['Ãœlke/Milliyet'],1,['SimgeleÅŸtirme'],Yok,"15 SANÄ°YEDE NELER OLURğŸ˜Œ

Ä°ÅŸgalci #TerÃ¶ristÄ°srailâ€™in #Gazze Åeridiâ€˜ne yÃ¶nelik yoÄŸun bombardÄ±man devam ediyor 

Uyanma vakti!
Filistin yalnÄ±z deÄŸildir.

#WakeUp
#GazzaUnderAttack 
#GenocideinGaza
@username @username 
#FilistinYalnÄ±zDeÄŸil #MilletinAdamÄ± https://t.co/Rcj05Yhu6t",Mert,2023-04-03T14:15:15,Isr-Pal,1393308652879196160,TÃ¼rkÃ§e,1
Yahudi KarÅŸÄ±tÄ±,"['Ãœlke/Milliyet', 'Cinsiyet']",7,['KÃ¼fÃ¼r; Hakaret; AÅŸaÄŸÄ±lama; Ä°nsandÄ±ÅŸÄ±laÅŸtÄ±rma'],Åiddetli,KadÄ±nlarla Ã§ocuklar da baskaldÄ±rdÄ±ysa artÄ±k yeryÃ¼zunden silinme vaktin gelmiÅŸtir AllahÄ±n izniyle itrail https://t.co/CZjLSmRHTZ,Ebrar,2022-12-30T17:18:28,Isr-Pal,1394653950444457988,,1
Yahudi KarÅŸÄ±tÄ±,['Ãœlke/Milliyet'],6,['DÃ¼ÅŸmanlÄ±k; SavaÅŸ; SaldÄ±rÄ±; Ã–ldÃ¼rme; Yaralama Tehdidi'],ZayÄ±f,"@username #YÄ±kÄ±lsÄ±nÄ°srail 
#KahrolsunÄ°srail 
#YansÄ±nÄ°srail
#ALLAHINNALETÄ°Ä°SRAÄ°LÄ°NÃœZERÄ°NEOLSUNÄ°NÅALLAH
#israilteroerdevletidir 
ğŸ˜­ğŸ˜­ğŸ˜­",AygÃ¼n,2023-03-21T13:17:12,Isr-Pal,1392252623902978049,TÃ¼rkÃ§e,1
Yahudi KarÅŸÄ±tÄ±,['Ãœlke/Milliyet'],8,['DÃ¼ÅŸmanlÄ±k; SavaÅŸ; SaldÄ±rÄ±; Ã–ldÃ¼rme; Yaralama Tehdidi'],Åiddetli,"#Ø§Ù„Ø£Ù‚ØµÙ‰_ÙŠØ³ØªØµØ±Ø®_Ø§Ù„Ø¬ÙŠÙˆØ´
#AqsaCallsPakArmy
#Aqsa_calls_armies
#AqsaCallsArmies
#OrdularAksaya https://t.co/LX3gbt80y9",Ebrar,2023-02-01T17:44:11,Isr-Pal,1396173840548466688,TÃ¼rkÃ§e,1
Yahudi KarÅŸÄ±tÄ±,['Ãœlke/Milliyet'],4,['DÃ¼ÅŸmanlÄ±k; SavaÅŸ; SaldÄ±rÄ±; Ã–ldÃ¼rme; Yaralama Tehdidi'],Yok,#AllahbelanÄ±versinÄ°SRAÄ°L https://t.co/L4B00y31yE,Ãœmit,2022-12-30T17:17:54,Isr-Pal,1392494449675145217,,1
Yahudi KarÅŸÄ±tÄ±,['Ãœlke/Milliyet'],5,['DÃ¼ÅŸmanlÄ±k; SavaÅŸ; SaldÄ±rÄ±; Ã–ldÃ¼rme; Yaralama Tehdidi'],Yok,"SelamÃ¼n AleykÃ¼m #TÃ¼rkiye'm
GÃ¼nÃ¼mÃ¼z AydÄ±n GÃ¶nlÃ¼mÃ¼z Huzurla Dolsun
Rabbim MÃ¼barek GÃ¼nlerde Soysuz #KatilÄ°srail #SoykÄ±rÄ±mcÄ±Ä°srail
#SoyunKurusunÄ°srail'i Kahru PeriÅŸan Eylesin Ä°nÅŸallah
#Amin https://t.co/Pjl9bj0K8q",Ãœmit,2022-12-30T17:17:54,Isr-Pal,1393467610600288257,,1
Yahudi KarÅŸÄ±tÄ±,['Din'],7,['DÃ¼ÅŸmanlÄ±k; SavaÅŸ; SaldÄ±rÄ±; Ã–ldÃ¼rme; Yaralama Tehdidi'],Yok,"Miraca ÅŸahitlik ettirdiÄŸin KudÃ¼sâ€™Ã¼n, Ã¶zgÃ¼rlÃ¼ÄŸÃ¼ne de bizleri ÅŸahit kÄ±l AllahÄ±m. 
Allah'Ä±n gazabÄ± zalimlerin Ã¼zerine olsun 
YA KAHHAR
#GenocideinGaza
#GazzedeKatliamVar
#GazaUnderAttack https://t.co/AQPvPPDJIO",Nur,2023-03-06T10:36:27,Isr-Pal,1392992979485446145,TÃ¼rkÃ§e,1
Yahudi KarÅŸÄ±tÄ±,['Ãœlke/Milliyet'],8,['KÃ¼fÃ¼r; Hakaret; AÅŸaÄŸÄ±lama; Ä°nsandÄ±ÅŸÄ±laÅŸtÄ±rma'],Åiddetli,"Åehadetin mÃ¼barek olsun cennet kuÅŸuğŸ•Š
@yahyazned

#freepalestineğŸ‡µğŸ‡¸ 
#freequdsğŸ‡µğŸ‡¸ 
#freegazağŸ‡µğŸ‡¸ 
#gazaunderattack 
#gazzedekatliamvar 
#Ø§Ù„Ù…Ø³Ø¬Ø¯_Ø§Ù„Ø£Ù‚ØµÙ‰ 

#iÅŸgalciisrail 
#iÌ‡sraildevletdeÄŸildir 
#siyonistisrail 
#israelterrorist 
#soysuzisrailkopekleri https://t.co/Wv7UGYKHfQ",Batuhan,2022-12-30T17:14:27,Isr-Pal,1393484053677056001,,1
Yahudi KarÅŸÄ±tÄ±,['Din'],5,['DÃ¼ÅŸmanlÄ±k; SavaÅŸ; SaldÄ±rÄ±; Ã–ldÃ¼rme; Yaralama Tehdidi'],Yok,"Allah Ä±n gazabÄ±  Ã¼zerine olsun..Ä°srail kendi kanÄ±nda boÄŸÃ¼l inÅŸaallah yakahar yakahar  
#KatilÄ°srail https://t.co/UsdQ4sIVpS",Ä°pek,2023-03-22T10:36:44,Isr-Pal,1393671699623723010,TÃ¼rkÃ§e,1
Yahudi KarÅŸÄ±tÄ±,"['Irk/Etnik KÃ¶ken', 'Ãœlke/Milliyet', 'Din']",8,"['Abartma; Genelleme; YÃ¼kleme; Ã‡arpÄ±tma', 'KÃ¼fÃ¼r; Hakaret; AÅŸaÄŸÄ±lama; Ä°nsandÄ±ÅŸÄ±laÅŸtÄ±rma', 'DÃ¼ÅŸmanlÄ±k; SavaÅŸ; SaldÄ±rÄ±; Ã–ldÃ¼rme; Yaralama Tehdidi']",Åiddetli,@username Bu ve bÃ¼tÃ¼n fotograflarÄ± aklÄ±nÄ±za kazÄ±yÄ±n asla unutmayÄ±n ve ne olursa olsun yahudi itlerine asla merhamet gÃ¶stermeyin! Bir gÃ¼n itrail yok olunca oradaki yahudi itlerine yapacaklarÄ±mÄ±zÄ± dÃ¼ÅŸÃ¼nemiyorum bile ğŸ‡¹ğŸ‡·ğŸ‡µğŸ‡¸,Hasan,2023-04-17T08:17:38,Isr-Pal,1394971396929896448,TÃ¼rkÃ§e,3
Yahudi KarÅŸÄ±tÄ±,"['Irk/Etnik KÃ¶ken', 'Ãœlke/Milliyet']",6,['Abartma; Genelleme; YÃ¼kleme; Ã‡arpÄ±tma'],ZayÄ±f,@username @username BunlarÄ±n hepsi ÅŸerefsiz numara yapÄ±yorlar bak filistin saldÄ±rÄ±yor algÄ±sÄ± #KatilÄ°srail,Bekir,2023-04-03T14:24:13,Isr-Pal,1392833730495107078,TÃ¼rkÃ§e,1
Yahudi KarÅŸÄ±tÄ±,['Ãœlke/Milliyet'],6,['KÃ¼fÃ¼r; Hakaret; AÅŸaÄŸÄ±lama; Ä°nsandÄ±ÅŸÄ±laÅŸtÄ±rma'],ZayÄ±f,"Ya Rabbi sen katÄ±ndan yardÄ±mcÄ±larÄ±nla Ä°srail barbarlarÄ±nÄ±n zulmÃ¼ne son ver, bizleri de yardÄ±mcÄ±larÄ±n iÃ§erisinde bir nefer eyle #OrdularAksaya",Meryem,2023-03-06T09:53:17,Isr-Pal,1391693183155904515,TÃ¼rkÃ§e,1
Yahudi KarÅŸÄ±tÄ±,"['Irk/Etnik KÃ¶ken', 'Ãœlke/Milliyet', 'Hedef grup belirgin deÄŸil veya yok.']",4,['KÃ¼fÃ¼r; Hakaret; AÅŸaÄŸÄ±lama; Ä°nsandÄ±ÅŸÄ±laÅŸtÄ±rma'],Yok,Ä°ngilizi siyonisti hiÃ§ rahat durmaz bu alÃ§aklardan dost mÃ¼ttefik olmaz alÃ§aklarÄ±n sÃ¶zÃ¼ne itibar edilmez #GÃ¶zÃ¼mÃ¼zKulaÄŸÄ±mÄ±zAksada,UÄŸur,2023-01-10T19:57:58,Isr-Pal,1515156707390984193,,1
Yahudi KarÅŸÄ±tÄ±,['Ãœlke/Milliyet'],6,['KÃ¼fÃ¼r; Hakaret; AÅŸaÄŸÄ±lama; Ä°nsandÄ±ÅŸÄ±laÅŸtÄ±rma'],Yok,Ã‡ocuklarÄ±n Ã¶ldÃ¼ÄŸÃ¼ hiÃ§bir dava haklÄ± deÄŸildir #KatilÄ°srail https://t.co/WrGcP9aKdS,Bekir,2023-03-22T10:31:48,Isr-Pal,1391920935343636483,TÃ¼rkÃ§e,1
Yahudi KarÅŸÄ±tÄ±,['Ãœlke/Milliyet'],6,"['DÄ±ÅŸlama; AyrÄ±mcÄ± SÃ¶ylem', 'Abartma; Genelleme; YÃ¼kleme; Ã‡arpÄ±tma', 'DÃ¼ÅŸmanlÄ±k; SavaÅŸ; SaldÄ±rÄ±; Ã–ldÃ¼rme; Yaralama Tehdidi']",ZayÄ±f,"Binlerce ÃœrdÃ¼n'lÃ¼ kardeÅŸimiz #Filistin sÄ±nÄ±rÄ±na akÄ±n ediyor...
Ä°nÅŸallah, 
CumhurbaÅŸkanÄ±mÄ±z Sn. @usernameâ€™Ä±n gÃ¼Ã§lÃ¼ LiderliÄŸi ve Ã¶ncÃ¼lÃ¼ÄŸÃ¼nde yÃ¼rÃ¼ttÃ¼ÄŸÃ¼ yoÄŸun Diplomasi ve Ã§abalar neticesinde Ä°slam Ã¼mmeti birleÅŸir TerÃ¶r devleti #KatilÄ°srail'in sonu gelir.ğŸ‡¹ğŸ‡·ğŸ‡¦ğŸ‡¿
https://t.co/q5f8NUX4WO",Elif,2023-03-20T08:48:48,Isr-Pal,1393264750969163780,TÃ¼rkÃ§e,3
Yahudi KarÅŸÄ±tÄ±,['Ãœlke/Milliyet'],8,['DÃ¼ÅŸmanlÄ±k; SavaÅŸ; SaldÄ±rÄ±; Ã–ldÃ¼rme; Yaralama Tehdidi'],Åiddetli,KAHROLSUN Ä°SRAÄ°L #FreePalestine #GazaUnderAttack #FilistinYalnizDegil #DÃ¼nyaFilistininYanÄ±nda,Ebrar,2023-02-01T17:44:11,Isr-Pal,1393909569798213634,TÃ¼rkÃ§e,1
Yahudi KarÅŸÄ±tÄ±,['Belli GÃ¶rÃ¼ÅŸ/StatÃ¼/Uygulama; Mesleki Pozisyon Grubu'],4,['Abartma; Genelleme; YÃ¼kleme; Ã‡arpÄ±tma'],Yok,"@username Amin amin amin. ğŸ¤²
#FreePalestine #KatilÄ°srail",Nur,2023-03-21T13:10:41,Isr-Pal,1498727839524429831,TÃ¼rkÃ§e,1
Yahudi KarÅŸÄ±tÄ±,['Ãœlke/Milliyet'],7,['Abartma; Genelleme; YÃ¼kleme; Ã‡arpÄ±tma'],Åiddetli,"#MescidiAksadaBaskÄ±nVar 
#MescidiAksaOnurumuzdur 
#TerÃ¶ristisrail https://t.co/5kCnUoa7WC",Ebrar,2023-04-04T12:16:37,Isr-Pal,1392474492610433024,TÃ¼rkÃ§e,1
Yahudi KarÅŸÄ±tÄ±,"['Ãœlke/Milliyet', 'Din', 'Hedef grup birden fazla.']",4,['Abartma; Genelleme; YÃ¼kleme; Ã‡arpÄ±tma'],ZayÄ±f,"AdÄ±: Åeyma
Filistinli bir HÃ¢fÄ±z.
1 yÄ±l sonra DiÅŸ Doktoru olacak, Bayramâ€™dan sonra ise evlenecekti.

Ancak Ä°srail, Åeyma'nÄ±n evini savaÅŸ uÃ§aklarÄ± ile bombaladÄ±. Åeyma ve ailesi (12 kiÅŸi) ÅŸehit oldular.
#katilisrail #thekillerisrael 
#filistin #gazze 
#SonDakika

#HopeToGaza https://t.co/Lg0iETa0Ov",Firdevs,2023-04-03T14:10:30,Isr-Pal,1394185880932429825,TÃ¼rkÃ§e,1
Yahudi KarÅŸÄ±tÄ±,['Ãœlke/Milliyet'],9,['KÃ¼fÃ¼r; Hakaret; AÅŸaÄŸÄ±lama; Ä°nsandÄ±ÅŸÄ±laÅŸtÄ±rma'],Åiddetli,"#KudÃ¼seYÃ¼rÃ¼yoruz SPONSORU ÅEYTAN OLAN KATÄ°L, SÄ°YONÄ°ST, Ä°ÅGALCÄ° israilin EBEDÄ° YURDU CEHENNEMDÄ°R KUDUS Ä°SLAMDIR SONSUZA KADAR DA Ä°SLAM KALACAK  ...   #FilistinYalnÄ±zDeÄŸil",Bekir,2023-03-22T10:31:48,Isr-Pal,1393434648647192577,TÃ¼rkÃ§e,1
Yahudi KarÅŸÄ±tÄ±,"['Irk/Etnik KÃ¶ken', 'Ãœlke/Milliyet']",1,['KÃ¼fÃ¼r; Hakaret; AÅŸaÄŸÄ±lama; Ä°nsandÄ±ÅŸÄ±laÅŸtÄ±rma'],ZayÄ±f,"@username @username @username VatansÄ±z olmak nasÄ±l bir duygu?
GerÃ§ekten merak ediyorum aÃ§Ä±klar mÄ±sÄ±n?
Ya da vatanÄ±nÄ±z var da biz mi bilmiyoruz. Pensilvanya'nÄ±n olduÄŸu ABD mi, yoksa itrail mi?
Ä°nsanlarÄ±n yatak odalarÄ±nÄ± ifÅŸa eden cevheri nerenin insanÄ±?
MÃ¼slÃ¼manlÄ±kta var mÄ± bu kaset, ÅŸantaj montaj iÅŸleri?",Alara,2023-04-03T14:02:51,Isr-Pal,1557968706315190277,TÃ¼rkÃ§e,1
Yahudi KarÅŸÄ±tÄ±,['Din'],5,['Abartma; Genelleme; YÃ¼kleme; Ã‡arpÄ±tma'],Yok,"Netenyahunun emri ile halka silah dagÄ±tÄ±ldÄ±gÄ±,yahudilerin sokak aralarinda gÃ¶rdÃ¼ÄŸÃ¼ filistinlilere ateÅŸ ettiÄŸi rapor ediliyorDÃ¼nya israil ve Filistindeki duruma resmen seyirci kalmayÄ± seÃ§iyor.Bu vahÅŸet israilin bu saldÄ±rgan tutumu karÅŸÄ±sÄ±nda ciddi adÄ±mlar atÄ±lmalÄ±
#KatilÄ°srail https://t.co/SMrvKSduEC",Ä°pek,2023-03-22T10:35:53,Isr-Pal,1392613428691357699,TÃ¼rkÃ§e,1
Yahudi KarÅŸÄ±tÄ±,['Ãœlke/Milliyet'],1,['KÃ¼fÃ¼r; Hakaret; AÅŸaÄŸÄ±lama; Ä°nsandÄ±ÅŸÄ±laÅŸtÄ±rma'],ZayÄ±f,Bu #itrail'liler ne yapÄ±yor bÃ¶yle? ğŸ¤” https://t.co/1HzDXOHD8g,Ãœmit,2023-01-10T19:58:51,Isr-Pal,1458303659641540608,,1
Yahudi KarÅŸÄ±tÄ±,['Ãœlke/Milliyet'],6,['DÃ¼ÅŸmanlÄ±k; SavaÅŸ; SaldÄ±rÄ±; Ã–ldÃ¼rme; Yaralama Tehdidi'],Yok,@username #Ä°srailHaddiniBil  ğŸ”¥ğŸ˜¡ğŸ”¥,Bekir,2023-04-03T14:24:13,Isr-Pal,1557215313791442945,TÃ¼rkÃ§e,1
Yahudi KarÅŸÄ±tÄ±,['Ãœlke/Milliyet'],7,"['DÄ±ÅŸlama; AyrÄ±mcÄ± SÃ¶ylem', 'DÃ¼ÅŸmanlÄ±k; SavaÅŸ; SaldÄ±rÄ±; Ã–ldÃ¼rme; Yaralama Tehdidi']",ZayÄ±f,"Mescid-i Aksa ve KudÃ¼s sevdalÄ±sÄ± STK larÄ±n oluÅŸturduÄŸu KudÃ¼s Platformunun dÃ¼zenlemiÅŸ olduÄŸu ""Ã–ZGÃœR KUDÃœS YÃœRÃœYÃœÅÃœNE"" katÄ±ldÄ±k. #kahrolsunisrail @username @username @username https://t.co/BdB6CWxf3Z",Banuhan,2023-05-03T07:10:40,Isr-Pal,1397241789145300999,TÃ¼rkÃ§e,2
Yahudi KarÅŸÄ±tÄ±,['Belli GÃ¶rÃ¼ÅŸ/StatÃ¼/Uygulama; Mesleki Pozisyon Grubu'],4,['Abartma; Genelleme; YÃ¼kleme; Ã‡arpÄ±tma'],Yok,"#FreePalestine
#AksadaBaskÄ±nVar
#ShameOnYouIsrael
#Ø§Ù†Ù‚Ø°ÙˆØ§_Ø­ÙŠ_Ø§Ù„Ø´ÙŠØ®_Ø¬Ø±Ø§Ø­
#GazaUnderAttack
#savesheikhjarrah
#AlAqsaUnderAttack
#GazaFightsBack
#SavePalestine
#IsraeliTerrorism
#IsraeliCrimes
#israelusesphosphorusbombs
#FacebookSupportIsraelOccupation https://t.co/TZLlmUsfbS",Nur,2023-03-28T12:41:28,Isr-Pal,1392492782338596864,TÃ¼rkÃ§e,1
Yahudi KarÅŸÄ±tÄ±,"['Irk/Etnik KÃ¶ken', 'Ãœlke/Milliyet']",7,['KÃ¼fÃ¼r; Hakaret; AÅŸaÄŸÄ±lama; Ä°nsandÄ±ÅŸÄ±laÅŸtÄ±rma'],Åiddetli,Dua dua dua #SonunGeldiKÃ¶pekÄ°srail,Alara,2023-04-03T14:02:10,Isr-Pal,1393864800300580867,TÃ¼rkÃ§e,1
Yahudi KarÅŸÄ±tÄ±,"['Irk/Etnik KÃ¶ken', 'Ãœlke/Milliyet']",9,"['Abartma; Genelleme; YÃ¼kleme; Ã‡arpÄ±tma', 'KÃ¼fÃ¼r; Hakaret; AÅŸaÄŸÄ±lama; Ä°nsandÄ±ÅŸÄ±laÅŸtÄ±rma', 'DÃ¼ÅŸmanlÄ±k; SavaÅŸ; SaldÄ±rÄ±; Ã–ldÃ¼rme; Yaralama Tehdidi']",Åiddetli,"#KuduesKanAÄŸlÄ±yor
#Israel 
#isgalciTeroeristÄ°srail 
Ä°trailler! 
Sonunuz yakÄ±ndÄ±r Ä°nnÅŸÅŸAllahh ğŸ˜ ",Ebrar,2023-01-23T09:42:59,Isr-Pal,1393078421064929280,TÃ¼rkÃ§e,3
Yahudi KarÅŸÄ±tÄ±,['Ãœlke/Milliyet'],7,['KÃ¼fÃ¼r; Hakaret; AÅŸaÄŸÄ±lama; Ä°nsandÄ±ÅŸÄ±laÅŸtÄ±rma'],Åiddetli,@mifbgr @eurodolar1980x @BekirBu02487130 Ne o aÄŸÄ±rÄ±namÄ± gittide hakaret ediyorsun inÅŸallah Ã¶yledir Ã¶ylede olur de ama senin kalbin niyetin itrail diye atÄ±yorsa o baÅŸka,Ebrar,2023-02-01T17:44:11,Isr-Pal,1391187031972270080,TÃ¼rkÃ§e,1
Yahudi KarÅŸÄ±tÄ±,"['Irk/Etnik KÃ¶ken', 'Ãœlke/Milliyet', 'Hedef grup birden fazla.']",4,['DÃ¼ÅŸmanlÄ±k; SavaÅŸ; SaldÄ±rÄ±; Ã–ldÃ¼rme; Yaralama Tehdidi'],ZayÄ±f,"@username #KuduesBizimdir 
#kahrolsunisraill
#GazaUnderAttack 
#Palestine 
#KuduesÄ°slamÄ±ndÄ±r 
#IsraelliTerrorism
#GazaUnderAttack",Firdevs,2023-03-06T10:42:23,Isr-Pal,1392876146929414145,TÃ¼rkÃ§e,1
Yahudi KarÅŸÄ±tÄ±,['Ãœlke/Milliyet'],6,['DÃ¼ÅŸmanlÄ±k; SavaÅŸ; SaldÄ±rÄ±; Ã–ldÃ¼rme; Yaralama Tehdidi'],Yok,"GevÅŸeklik gÃ¶stermeyin, Ã¼zÃ¼lmeyin; eÄŸer inanmÄ±ÅŸsanÄ±z ÅŸÃ¼phesiz en Ã¼stÃ¼n olan sizsiniz.

Ali Ä°mran 139

#OrdularAksaya",Bekir,2023-04-03T14:24:36,Isr-Pal,1391057619809341446,TÃ¼rkÃ§e,1
Yahudi KarÅŸÄ±tÄ±,['Din'],6,['DÃ¼ÅŸmanlÄ±k; SavaÅŸ; SaldÄ±rÄ±; Ã–ldÃ¼rme; Yaralama Tehdidi'],ZayÄ±f,"Elbet birgÃ¼n inÅŸaAllah...

#kahrolsunisrail 
#KahrolsunÄ°srail https://t.co/vLpuehol5f",Meryem,2023-03-06T09:53:58,Isr-Pal,1390786231336939523,TÃ¼rkÃ§e,1
Yahudi KarÅŸÄ±tÄ±,['Ãœlke/Milliyet'],9,"['Abartma; Genelleme; YÃ¼kleme; Ã‡arpÄ±tma', 'KÃ¼fÃ¼r; Hakaret; AÅŸaÄŸÄ±lama; Ä°nsandÄ±ÅŸÄ±laÅŸtÄ±rma']",Åiddetli,"Katil Ä°srail dÃ¼n gece yine hiÃ§bir ayrÄ±m yapmadan sivillere saldÄ±rdÄ±. HayatÄ±nÄ± kaybeden kardeÅŸlerimizden biri de 5 yaÅŸÄ±ndaki Alaaâ€¦

Ã‡ocuk katili Ä°srailâ€™in saldÄ±rÄ±larÄ±nÄ± ÅŸiddetle kÄ±nÄ±yorum.
Rabbim Filistinli kardeÅŸlerimizin yÃ¢r ve yardÄ±mcÄ±sÄ± olsun.
#Katilisrail https://t.co/kPjMFHJ1JA",Banuhan,2023-05-03T07:10:40,Isr-Pal,1555835005770911744,TÃ¼rkÃ§e,2
Yahudi KarÅŸÄ±tÄ±,['Ãœlke/Milliyet'],5,['KÃ¼fÃ¼r; Hakaret; AÅŸaÄŸÄ±lama; Ä°nsandÄ±ÅŸÄ±laÅŸtÄ±rma'],Yok,BaÅŸka sÃ¶ze gerek yok. #katilisrail,Meryem,2023-03-06T09:53:17,Isr-Pal,1392554620711485440,TÃ¼rkÃ§e,1
Yahudi KarÅŸÄ±tÄ±,['Ãœlke/Milliyet'],5,['DÃ¼ÅŸmanlÄ±k; SavaÅŸ; SaldÄ±rÄ±; Ã–ldÃ¼rme; Yaralama Tehdidi'],ZayÄ±f,"@username #kahrolsunisrail 
Ä°srail bir terÃ¶r devletidir.
Sonu gelen kÃ¶pek cami duvarÄ±na pislermiÅŸ. 
Allah Ä°srail'i kahru periÅŸan eylesin inÅŸallah.",Ä°pek,2023-03-22T10:37:15,Isr-Pal,1390786503752699910,TÃ¼rkÃ§e,1
Yahudi KarÅŸÄ±tÄ±,['Ãœlke/Milliyet'],7,['KÃ¼fÃ¼r; Hakaret; AÅŸaÄŸÄ±lama; Ä°nsandÄ±ÅŸÄ±laÅŸtÄ±rma'],Åiddetli,@suleakrte @UyandirmaSer06 YaklaÅŸÄ±yor yaklaÅŸmakta olan ey teroris itrail ozaman bak kim oynayacacak,Ebrar,2023-02-01T17:44:10,Isr-Pal,1391549459633524737,TÃ¼rkÃ§e,1
Yahudi KarÅŸÄ±tÄ±,['Ãœlke/Milliyet'],5,"['Abartma; Genelleme; YÃ¼kleme; Ã‡arpÄ±tma', 'KÃ¼fÃ¼r; Hakaret; AÅŸaÄŸÄ±lama; Ä°nsandÄ±ÅŸÄ±laÅŸtÄ±rma']",Yok,"Ä°ÅŸgalci yahudi varlÄ±ÄŸÄ±nÄ±n saldÄ±rÄ±larÄ±nÄ± durduracak aÃ§Ä±klama geldi.! Bu saatten sonra artÄ±k  ABD ve ""Ä°srail"" dÃ¼ÅŸÃ¼nsÃ¼n.!
#GÃ¶zÃ¼mÃ¼zKulaÄŸÄ±mÄ±zAksada
#OrdularAksaya https://t.co/icpamb458b",Meryem,2022-12-30T17:18:10,Isr-Pal,1515724584447877130,,2
Yahudi KarÅŸÄ±tÄ±,['Ãœlke/Milliyet'],3,['KÃ¼fÃ¼r; Hakaret; AÅŸaÄŸÄ±lama; Ä°nsandÄ±ÅŸÄ±laÅŸtÄ±rma'],ZayÄ±f,"Ä°srail iÅŸgal gÃ¼Ã§leri korkularÄ±ndan, #Gazze Åeridi yakÄ±nlarÄ±ndaki iÅŸgalci yerleÅŸim yerlerinde iÅŸgalci yerleÅŸimcilerden sÄ±ÄŸÄ±naklarda kalmalarÄ±nÄ± istiyor.

#GazaUnderAttack #Gaza #GazaCity #GazaChildrenUnderAttack #IsraeliTerrorism #IsraelTerrorist  #katilisrail",Batuhan,2022-12-30T17:14:27,Isr-Pal,1392960794988630022,,1
Yahudi KarÅŸÄ±tÄ±,['Ãœlke/Milliyet'],7,['DÃ¼ÅŸmanlÄ±k; SavaÅŸ; SaldÄ±rÄ±; Ã–ldÃ¼rme; Yaralama Tehdidi'],Åiddetli,#kahrolisrail,Ebrar,2023-02-01T17:44:10,Isr-Pal,1556599459353608193,TÃ¼rkÃ§e,1
Yahudi KarÅŸÄ±tÄ±,['Ãœlke/Milliyet'],3,['Abartma; Genelleme; YÃ¼kleme; Ã‡arpÄ±tma'],ZayÄ±f,"- LÃ¼bnan'dan atÄ±lan Ã¼Ã§ fÃ¼ze, Filistin-LÃ¼bnan sÄ±nÄ±rÄ±nda bir yerleÅŸim yerine dÃ¼ÅŸtÃ¼.

- Ä°srail saldÄ±rÄ±ya karÅŸÄ±lÄ±k LÃ¼bnanâ€™Ä± top atÄ±ÅŸlarÄ±yla vurdu. 

- SÄ±nÄ±rda Ä°srail savaÅŸ uÃ§aklarÄ± uÃ§uyor.

#HearGaza
#GazzedeSoykÄ±rÄ±m
#GazzeDireniyor
#GazzedeKatliamVar
#katilisrail
#GazzeAtesAltinda",Hasan,2023-03-29T11:21:25,Isr-Pal,1394405008876220424,TÃ¼rkÃ§e,1
Yahudi KarÅŸÄ±tÄ±,['Ãœlke/Milliyet'],5,['DÃ¼ÅŸmanlÄ±k; SavaÅŸ; SaldÄ±rÄ±; Ã–ldÃ¼rme; Yaralama Tehdidi'],Yok,"Yok olacaksÄ±n iTrail !!!
 https://t.co/1zh4jgzNc5",Ãœmit,2023-02-01T17:39:29,Isr-Pal,1392656703288758273,TÃ¼rkÃ§e,1
Yahudi KarÅŸÄ±tÄ±,"['Irk/Etnik KÃ¶ken', 'Belli GÃ¶rÃ¼ÅŸ/StatÃ¼/Uygulama; Mesleki Pozisyon Grubu', 'Hedef grup birden fazla.']",7,['KÃ¼fÃ¼r; Hakaret; AÅŸaÄŸÄ±lama; Ä°nsandÄ±ÅŸÄ±laÅŸtÄ±rma'],ZayÄ±f,@username Memleket teki itrail li fetoÅŸ Ã§u pkk lÄ± hepsi ip. Ä°le cehape de toplanmÄ±ÅŸ ondan,Meryem,2023-02-15T08:24:59,Isr-Pal,1396171718687969280,TÃ¼rkÃ§e,1
Yahudi KarÅŸÄ±tÄ±,['Ãœlke/Milliyet'],7,['DÃ¼ÅŸmanlÄ±k; SavaÅŸ; SaldÄ±rÄ±; Ã–ldÃ¼rme; Yaralama Tehdidi'],ZayÄ±f,"Bu kez, Ä°igalci, itrail terÃ¶rist Ã¶rgÃ¼te gereken ders verilecek. 

DananÄ±n kuyruÄŸu kopacak.. 

Allah senden razÄ± olsun @username",Bekir,2023-04-03T14:24:13,Isr-Pal,1392282696911626242,TÃ¼rkÃ§e,1
Yahudi KarÅŸÄ±tÄ±,['Ãœlke/Milliyet'],5,"['Abartma; Genelleme; YÃ¼kleme; Ã‡arpÄ±tma', 'DÃ¼ÅŸmanlÄ±k; SavaÅŸ; SaldÄ±rÄ±; Ã–ldÃ¼rme; Yaralama Tehdidi']",ZayÄ±f,"Yok yok yazarak Ã§izerek olmaz.
GÃ¶gÃ¼s gÃ¶ÄŸÃ¼se Ã§arpÄ±ÅŸmalÄ±, Ã¼mÃ¼ÄŸÃ¼ sÄ±kÄ±lmalÄ±, nefesi kesilmeliâ—
YÄ±kÄ±lasÄ±n #Israel #israil

#KuduesBizimdir #Kudues #KuduesBizimdir #MescidiAksa #MescidiAksaKÄ±rmÄ±zÄ±Cizgimizdir #MescidiAksaBaskÄ±nÄ± #Kudus
#Terroristisrael #Terroristisrael https://t.co/Gw1JfJT8xz",Hasan,2023-03-29T11:21:25,Isr-Pal,1390818466777665536,TÃ¼rkÃ§e,2
Yahudi KarÅŸÄ±tÄ±,"['Irk/Etnik KÃ¶ken', 'Ãœlke/Milliyet']",8,['DÃ¼ÅŸmanlÄ±k; SavaÅŸ; SaldÄ±rÄ±; Ã–ldÃ¼rme; Yaralama Tehdidi'],Åiddetli,"#Ø§Ù„Ø£Ù‚ØµÙ‰_ÙŠØ³ØªØµØ±Ø®_Ø§Ù„Ø¬ÙŠÙˆØ´
#Aqsa_calls_armies
#AqsaCallsArmies
#OrdularAksaya
#IsraelPenjajah
#IsraelTerrorists
Quote Tweet https://t.co/zN3cZWrR9s",Ebrar,2023-02-01T17:44:10,Isr-Pal,1393898142509109252,TÃ¼rkÃ§e,1
Yahudi KarÅŸÄ±tÄ±,['Ãœlke/Milliyet'],2,['KÃ¼fÃ¼r; Hakaret; AÅŸaÄŸÄ±lama; Ä°nsandÄ±ÅŸÄ±laÅŸtÄ±rma'],ZayÄ±f,"@username Baby killer israel !!
#IsraeliTerrorism 
#AqsaUnderAttack #isrealterrorÄ±st 
#FreePalestine
#KillerÄ°srael
#GazzedeKatliamVar #IsraelTerrorist 
 #FreeQuds #GazaUnderAttack #KatilÄ°srail
#AksadaBaskinVar #AksadaZulumVar #katilnetanyahu #FilistininYanÄ±ndayÄ±z #KudÃ¼seBayramGelsin https://t.co/mseOrEaDsc",Selin,2023-04-05T13:42:41,Isr-Pal,1392944987680169990,TÃ¼rkÃ§e,1
Yahudi KarÅŸÄ±tÄ±,['Ãœlke/Milliyet'],8,['DÃ¼ÅŸmanlÄ±k; SavaÅŸ; SaldÄ±rÄ±; Ã–ldÃ¼rme; Yaralama Tehdidi'],Åiddetli,@username #ordularkudÃ¼se #OrdularAksaya,Ebrar,2023-04-04T12:16:15,Isr-Pal,1391384398348627975,TÃ¼rkÃ§e,1
Yunan KarÅŸÄ±tÄ±,['Ãœlke/Milliyet'],5,['DÃ¼ÅŸmanlÄ±k; SavaÅŸ; SaldÄ±rÄ±; Ã–ldÃ¼rme; Yaralama Tehdidi'],Yok,"#Greece 
TakÄ±mÄ± iÃ§in bunu yapan milletâ€¦
SavaÅŸ halinde VatanÄ± iÃ§in neler yapabileceÄŸini sen dÃ¼ÅŸÃ¼n!! #besiktas #Trabzonspor #tÃ¼rkiye #Yunanistan https://t.co/TFR6qk57Zf",Meryem,2023-01-10T20:03:12,Tr-Gr,1536290678191403008,,1
Yunan KarÅŸÄ±tÄ±,['Ãœlke/Milliyet'],8,['DÃ¼ÅŸmanlÄ±k; SavaÅŸ; SaldÄ±rÄ±; Ã–ldÃ¼rme; Yaralama Tehdidi'],Åiddetli,"Bardak zaten doldu fazlasÄ±yla damlayana yazÄ±k olacak yunan..
#SakamÄ±zYokYunanistan https://t.co/KBHFZnjWOe",Ebrar,2023-03-06T09:56:08,Tr-Gr,1534981366793883648,TÃ¼rkÃ§e,1
Yunan KarÅŸÄ±tÄ±,"['Irk/Etnik KÃ¶ken', 'Din']",7,['KÃ¼fÃ¼r; Hakaret; AÅŸaÄŸÄ±lama; Ä°nsandÄ±ÅŸÄ±laÅŸtÄ±rma'],Åiddetli,"@username Lan yavÅŸak tÃ¼rk takÄ±mÄ± efes slukas gibi o.Ã§ocuÄŸunun oynadÄ±ÄŸÄ± yunan gavur takÄ±mÄ±yla oynarsa safÄ±mÄ± belli.Ergin Ataman kocanÄ±z oldu diye aÄŸzÄ±nÄ±za sÃ¼rekli sÄ±Ã§Ä±yor diye salak salak istediÄŸinizi dÃ¼ÅŸÃ¼nebilirsiniz.projenizin iÃ§ine sÄ±Ã§tÄ± la Ergin hoca,ObradoviÃ§ rezil olduÄŸu iÃ§in kaÃ§tÄ± ğŸ˜€",Ebrar,2023-03-06T09:56:08,Tr-Gr,1529488824878907394,TÃ¼rkÃ§e,1
Yunan KarÅŸÄ±tÄ±,['Ãœlke/Milliyet'],6,['SimgeleÅŸtirme'],Yok,@ATAISIK_ Biz OSMANLI TORUNUYUZ siz Yunan tohumu,Meryem,2022-12-30T17:21:40,Tr-Gr,1568967256586985474,,1
Yunan KarÅŸÄ±tÄ±,['Ãœlke/Milliyet'],6,['DÃ¼ÅŸmanlÄ±k; SavaÅŸ; SaldÄ±rÄ±; Ã–ldÃ¼rme; Yaralama Tehdidi'],Yok,"@EylemCulculoglu ğŸ™ƒ bu mesaj ne demek yunanistan bize savasmi edecek 
TÃ¼rkler dogarken kulana ezan okunur biz savasmak icin dogariz bize savas dÃ¼gÃ¼ndÃ¼r.",Ãœmit,2023-02-01T17:39:30,Tr-Gr,1538305632079597569,TÃ¼rkÃ§e,1
Yunan KarÅŸÄ±tÄ±,"['Irk/Etnik KÃ¶ken', 'Hedef grup birden fazla.']",7,"['DÄ±ÅŸlama; AyrÄ±mcÄ± SÃ¶ylem', 'Abartma; Genelleme; YÃ¼kleme; Ã‡arpÄ±tma', 'DÃ¼ÅŸmanlÄ±k; SavaÅŸ; SaldÄ±rÄ±; Ã–ldÃ¼rme; Yaralama Tehdidi']",ZayÄ±f,"@username @username VatanÄ± 3yÄ±l iÅŸgal eden yunanÄ± izmire kovalayarak gÃ¶nderen kuvayi milliye ruhudur.
Bu mÃ¼cadeleyi engellemeye Ã§alÄ±ÅŸan, idamfermanlarÄ± Ã§Ä±karan kuvayi inzibatiye (halife ordusu) dir. 
Gel gÃ¶rki vahdettine sahip Ã§Ä±kanlar, kuvayi milliyecilere bugÃ¼n ""yunan"" diyor. Siyasal islam budur.",Banuhan,2023-05-03T07:11:33,Tr-Gr,1570041835661271041,TÃ¼rkÃ§e,3
Yunan KarÅŸÄ±tÄ±,['Ãœlke/Milliyet'],6,"['Abartma; Genelleme; YÃ¼kleme; Ã‡arpÄ±tma', 'KÃ¼fÃ¼r; Hakaret; AÅŸaÄŸÄ±lama; Ä°nsandÄ±ÅŸÄ±laÅŸtÄ±rma']",ZayÄ±f,"NATO zirvesinden, Yunan gavuru da dahil olmak Ã¼zere zaferle dÃ¶ndÃ¼ÄŸÃ¼mÃ¼zÃ¼ tÃ¼m dÃ¼nya gÃ¶rdÃ¼ ve kabul etti ama ama ne kemal ne meral ve nede diÄŸer zillet gÃ¼ruhu bunu gÃ¶rÃ¼p hazmedip sindiremediler.Yani buna sedece @username dÃ¼ÅŸmanlÄ±ÄŸÄ± diyemeyiz, bu Ã§ok masumane bir gÃ¶rÃ¼ÅŸ olur.",Elif Erol,2023-02-16T09:03:58,Tr-Gr,1543710633803268096,TÃ¼rkÃ§e,2
Yunan KarÅŸÄ±tÄ±,"['Ãœlke/Milliyet', 'Hedef grup birden fazla.']",6,['DÃ¼ÅŸmanlÄ±k; SavaÅŸ; SaldÄ±rÄ±; Ã–ldÃ¼rme; Yaralama Tehdidi'],Yok,"@MehmetArdic_ kesinlikle Filistin. TÃ¼rkiye'yi sosyal medyada bile her alanda destekleyeceÄŸiz. Sizi temin ederim Gazze direniÅŸi ""eÄŸer savaÅŸabilirlerse"" bir hafta iÃ§inde Yunanistan'Ä± iÅŸgal edecek.",Ãœmit,2023-02-01T17:39:30,Tr-Gr,1567727467229581312,TÃ¼rkÃ§e,1
Yunan KarÅŸÄ±tÄ±,"['Irk/Etnik KÃ¶ken', 'Ãœlke/Milliyet', 'Belli GÃ¶rÃ¼ÅŸ/StatÃ¼/Uygulama; Mesleki Pozisyon Grubu', 'Hedef grup birden fazla.']",8,"['DÄ±ÅŸlama; AyrÄ±mcÄ± SÃ¶ylem', 'KÃ¼fÃ¼r; Hakaret; AÅŸaÄŸÄ±lama; Ä°nsandÄ±ÅŸÄ±laÅŸtÄ±rma']",Åiddetli,@username Bu sefer Yunanistan diye bir yer kalmaz bombayla silahla savaÅŸ kazanÄ±lmaz Ã§oktan Ã§ok azdan hiÃ§ bir bok beyinli Yunan kÃ¶peÄŸi kalmaz dese biri bu aptallara,Elif,2023-03-27T08:59:27,Tr-Gr,1542816648989655041,TÃ¼rkÃ§e,2
Yunan KarÅŸÄ±tÄ±,['Ãœlke/Milliyet'],8,['DÃ¼ÅŸmanlÄ±k; SavaÅŸ; SaldÄ±rÄ±; Ã–ldÃ¼rme; Yaralama Tehdidi'],Yok,"@username ABDâ€™nin Yunanistanâ€™da 9 askeri Ã¼ssÃ¼ var. Peki bu Ã¼sler kime karÅŸÄ± kuruluyor? SorulduÄŸunda Rusya' ya karÅŸÄ± kurduklarÄ±nÄ± sÃ¶ylÃ¼yorlar.. 
Eee.. Kusura bakmasÄ±nlar biz bunlarÄ± yemeyiz... 
#ÅakamÄ±zYokYunanistan 
ANSIZIN GELEBÄ°LÄ°RÄ°Z",Bekir,2023-03-22T07:49:47,Tr-Gr,1534954043163942915,TÃ¼rkÃ§e,1
Yunan KarÅŸÄ±tÄ±,['Irk/Etnik KÃ¶ken'],7,['SimgeleÅŸtirme'],Åiddetli,"@mehmet4K @sevilaynur71 @YukselisGruplar #YunanTohumlarÄ± Kim sever
@YukselisGruplar ğŸ‡¹ğŸ‡·",Ebrar,2023-02-01T17:44:12,Tr-Gr,1568700337502179329,TÃ¼rkÃ§e,1
Yunan KarÅŸÄ±tÄ±,"['Irk/Etnik KÃ¶ken', 'Hedef grup birden fazla.']",6,"['SimgeleÅŸtirme', 'DÃ¼ÅŸmanlÄ±k; SavaÅŸ; SaldÄ±rÄ±; Ã–ldÃ¼rme; Yaralama Tehdidi']",ZayÄ±f,"Ä°stanbul'a Ä°ngiliz ordusu da Ã§aÄŸÄ±rsaydÄ±n Ekrem! 
Anadolu'ya iÅŸgal ordularÄ± da Ã§aÄŸÄ±rsaydÄ±n Ekrem!
15 Temmuzâ€™da olduÄŸu gibi, Ä°stanbul 
Ã¼stÃ¼nde F-16â€™lar da uÃ§ursaydÄ±n Ekrem!
Yunan oÄŸlu diye boÅŸuna demiyoruz 
Å¹ÃœBÃœK MUHALEFET https://t.co/XmC6eGy3Wm",AygÃ¼n,2023-01-24T10:01:50,Tr-Gr,1544237682758488064,TÃ¼rkÃ§e,2
Yunan KarÅŸÄ±tÄ±,['Irk/Etnik KÃ¶ken'],7,['SimgeleÅŸtirme'],Åiddetli,@username @username Anladinmi ismi tÃ¼rk ama Yunan tohumu olan adi sifatsiz herif ....seni kime ne satÄ±yorsun Ä±rkÃ§Ä± zirvanasi,Ebrar,2023-03-06T09:56:33,Tr-Gr,1568609714946342913,TÃ¼rkÃ§e,1
Yunan KarÅŸÄ±tÄ±,['Ãœlke/Milliyet'],6,['KÃ¼fÃ¼r; Hakaret; AÅŸaÄŸÄ±lama; Ä°nsandÄ±ÅŸÄ±laÅŸtÄ±rma'],ZayÄ±f,"@username #YunanTohumlarÄ±
@username a",Elif Erol,2023-02-16T09:04:38,Tr-Gr,1568675263986421760,TÃ¼rkÃ§e,1
Yunan KarÅŸÄ±tÄ±,['Irk/Etnik KÃ¶ken'],7,['KÃ¼fÃ¼r; Hakaret; AÅŸaÄŸÄ±lama; Ä°nsandÄ±ÅŸÄ±laÅŸtÄ±rma'],Åiddetli,"TÃ¼rkÃ¼z diyemeyip,argÃ¼man koyacak birikimi olmayan biri Yunan'a yaranmak iÃ§in orta yol buluyor ve Anadoluluyuz diyor karÅŸÄ±sÄ±ndaki arvanit/vlah dÃ¶l Ã§orbasÄ± Ã¼rÃ¼nÃ¼ ise ona""hayÄ±r hiÃ§bir ÅŸey deÄŸilsin""diyor. Efe hocam dediÄŸi kiÅŸi de Kastamonulu olup kendini ğŸ‡¨ğŸ‡¦'da yunanÄ±m diye satan biri https://t.co/77ArFKoRQT",AygÃ¼n,2022-12-30T17:21:08,Tr-Gr,1565620340071489537,,1
Yunan KarÅŸÄ±tÄ±,['Ãœlke/Milliyet'],6,['DÃ¼ÅŸmanlÄ±k; SavaÅŸ; SaldÄ±rÄ±; Ã–ldÃ¼rme; Yaralama Tehdidi'],Yok,#HaddiniBilYunanistan Hain Fahrettin Kocaâ—ï¸ https://t.co/b1Gk1OyExw,Elif Erol,2023-02-16T09:03:58,Tr-Gr,1412594571675160578,TÃ¼rkÃ§e,1
Yunan KarÅŸÄ±tÄ±,"['Ãœlke/Milliyet', 'Belli GÃ¶rÃ¼ÅŸ/StatÃ¼/Uygulama; Mesleki Pozisyon Grubu']",6,['KÃ¼fÃ¼r; Hakaret; AÅŸaÄŸÄ±lama; Ä°nsandÄ±ÅŸÄ±laÅŸtÄ±rma'],ZayÄ±f,"TunÃ§ Soyer Yunan tohumu dur.
Bu akÅŸam tescillendi ğŸ˜¡ https://t.co/byjfJfGtch",Elif Erol,2023-02-16T09:05:06,Tr-Gr,1568356741494226945,TÃ¼rkÃ§e,1
Yunan KarÅŸÄ±tÄ±,['Ãœlke/Milliyet'],6,['SimgeleÅŸtirme'],ZayÄ±f,"@username Ee iÅŸte o ayaklandÄ±ran adam olmasaydÄ± en fazla 10 sene iÃ§inde tÃ¼m Ã¼lke iÅŸgal edilmiÅŸ, ve deden ya Yunan, ya Ermeni ya FransÄ±z ya da Ä°ngiliz olacaktÄ±. GerÃ§i AtatÃ¼rk dÃ¼ÅŸmanÄ± adamsÄ±n, soyun YunandÄ±r senin",DenÃ§a,2023-07-03T14:16:15,Tr-Gr,1527611379292815361,TÃ¼rkÃ§e,1
Yunan KarÅŸÄ±tÄ±,"['Irk/Etnik KÃ¶ken', 'Ãœlke/Milliyet']",8,"['DÄ±ÅŸlama; AyrÄ±mcÄ± SÃ¶ylem', 'DÃ¼ÅŸmanlÄ±k; SavaÅŸ; SaldÄ±rÄ±; Ã–ldÃ¼rme; Yaralama Tehdidi']",Åiddetli,@username @username @username @username @username 4 km2 aldÄ±k tÃ¼m Yunanâ€™Ä± denize dÃ¶ktÃ¼k.MeriÃ§ nehrini sÄ±nÄ±r kabul ettik tamam ya hiÃ§ gidip bakÄ±lmaz mÄ± nehrin kollarÄ±nÄ± hep bizim tarafa girintili olan kollarÄ± seÃ§ilmiÅŸ bari burada Yunan yardÄ±ma girinti yapan kollarÄ± sayÄ±lsaydÄ± 4km2 fazla yer alÄ±nÄ±rdÄ± coÄŸrafya bilmezsen kaybedersin,Elif,2023-03-20T08:51:46,Tr-Gr,1567654855275069442,TÃ¼rkÃ§e,2
Yunan KarÅŸÄ±tÄ±,['Irk/Etnik KÃ¶ken'],3,['SimgeleÅŸtirme'],ZayÄ±f,@username LaikliÄŸin Ä°slam'a karÅŸÄ± yada ÅŸeriat a karÅŸÄ± olduÄŸunu nereden Ã§Ä±kardÄ±n fesli deli kadir ğŸ¤” Ä°ngiliz yalakasÄ± Yunan dÃ¶lÃ¼ deli kadir ğŸ˜‰ Bu tÄ±p sorularÄ± Ã¶bÃ¼r tarafta rabbim soracak sen bÃ¶yle soru sorarak ÅŸirk kosmuyormusun ğŸ˜‰ Neden bu ÅŸeriat i savunduÄŸunu iddia eden gÃ¼ruh ÅŸirk icinde,Bekir,2023-06-12T08:11:02,Tr-Gr,1555878584589455360,TÃ¼rkÃ§e,1
Yunan KarÅŸÄ±tÄ±,['Irk/Etnik KÃ¶ken'],6,['SimgeleÅŸtirme'],Yok,"@username Ya Sohbetin tamamÄ±nÄ± gÃ¶rmemiÅŸsin
Yada Yunan tohumu olduÄŸun iÃ§in iftiradan baÅŸka biÅŸey bilmiyorsun",Bekir,2023-03-22T07:49:47,Tr-Gr,1529419866792411136,TÃ¼rkÃ§e,1
Yunan KarÅŸÄ±tÄ±,"['Irk/Etnik KÃ¶ken', 'Ãœlke/Milliyet', 'Belli GÃ¶rÃ¼ÅŸ/StatÃ¼/Uygulama; Mesleki Pozisyon Grubu', 'Hedef grup birden fazla.']",8,"['SimgeleÅŸtirme', 'DÃ¼ÅŸmanlÄ±k; SavaÅŸ; SaldÄ±rÄ±; Ã–ldÃ¼rme; Yaralama Tehdidi']",ZayÄ±f,"Terbiyesiz yunan yine konuÅŸmuÅŸ, gavur Ã¼rÃ¼r kervan yÃ¼rÃ¼r. AtatÃ¼rk yanlÄ±ÅŸ yapmÄ±ÅŸ bunlarÄ± izmirden deÄŸil Yunanistan sÄ±nÄ±rÄ±ndan dÄ±ÅŸarÄ± dÃ¶kecekti. #HaddiniBilTunÃ§Soyer",Altar,2023-07-22T20:25:42,Tr-Gr,1568532363751088129,TÃ¼rkÃ§e,2
Yunan KarÅŸÄ±tÄ±,['Irk/Etnik KÃ¶ken'],7,['DÃ¼ÅŸmanlÄ±k; SavaÅŸ; SaldÄ±rÄ±; Ã–ldÃ¼rme; Yaralama Tehdidi'],ZayÄ±f,"ğŸ“Œ Yunan yine bildiÄŸiniz gibi dÃ¼ÅŸmanca tavÄ±rlar iÃ§erisinde tabi arkasÄ±ndaki ABD ve AB iÃ§erisinden aldÄ±ÄŸÄ± gÃ¼Ã§ ile bunu yapmakta.

ğŸ“Œ Ä°Ã§imizde kendisine AtatÃ¼rkÃ§Ã¼ deyipte  Yunanistanâ€™Ä±n isgal ettiÄŸi adalara tatile gidip sirtaki oynayanlara duyurulur. #SonDakika #ErdoÄŸanasÃ¶zver https://t.co/XSvDwL4INn",AygÃ¼n,2023-03-06T09:51:11,Tr-Gr,1539711845996630016,TÃ¼rkÃ§e,1
Yunan KarÅŸÄ±tÄ±,['Irk/Etnik KÃ¶ken'],5,['SimgeleÅŸtirme'],Yok,@username @username yunan tohumu inÃ¶nÃ¼ varken dÃ¶kebilirmiyiz,Bekir,2023-03-22T10:32:48,Tr-Gr,1563805528870031360,TÃ¼rkÃ§e,1
Yunan KarÅŸÄ±tÄ±,['Ãœlke/Milliyet'],4,['DÃ¼ÅŸmanlÄ±k; SavaÅŸ; SaldÄ±rÄ±; Ã–ldÃ¼rme; Yaralama Tehdidi'],ZayÄ±f,"Bakan Ã‡avuÅŸoÄŸlu: Yunanistan kaÅŸÄ±nmaya devam ediyor https://t.co/ZlcxdwU0oL 
#Ordu #orduduysun #OrduBÃ¼yÃ¼ksehirBelediyesi #DrMehmetHilmiGÃ¼ler #haber #Orduhaber #Yunanistan #politics #PoliticsLive #Politica",Firdevs,2023-03-13T14:03:48,Tr-Gr,1569256698539376640,TÃ¼rkÃ§e,1
Yunan KarÅŸÄ±tÄ±,['Irk/Etnik KÃ¶ken'],7,['SimgeleÅŸtirme'],Åiddetli,@Ben__Caca Bunlar Yunan tohumu tipikler,Ebrar,2023-01-10T20:02:07,Tr-Gr,1556393952978386947,,1
Yunan KarÅŸÄ±tÄ±,"['Irk/Etnik KÃ¶ken', 'Ãœlke/Milliyet']",8,"['DÄ±ÅŸlama; AyrÄ±mcÄ± SÃ¶ylem', 'KÃ¼fÃ¼r; Hakaret; AÅŸaÄŸÄ±lama; Ä°nsandÄ±ÅŸÄ±laÅŸtÄ±rma']",Åiddetli,@username @username @username @username KadÄ±n ne alaka soysuz yunan artÄ±ÄŸÄ±? KadÄ±nmÄ±sÄ±n? KudurmuÅŸ sokak kÃ¶peÄŸi havlarsÄ±n iÅŸte bÃ¶yle. Bana da hoÅŸt yunan it eniÄŸi demek dÃ¼ÅŸer. Kendi baÅŸÄ±nÄ± ye,Elif,2023-03-27T08:59:27,Tr-Gr,1524748240360333312,TÃ¼rkÃ§e,2
Yunan KarÅŸÄ±tÄ±,['Ãœlke/Milliyet'],6,['DÃ¼ÅŸmanlÄ±k; SavaÅŸ; SaldÄ±rÄ±; Ã–ldÃ¼rme; Yaralama Tehdidi'],Yok,"Åunu iyi bil Yunanistan!

FÄ±trat deÄŸiÅŸir sanma! Bu kan yine o kandÄ±râ€¦

Bir gece ansÄ±zÄ±n gelebilirizâ€¦ https://t.co/BesJYA0NKe",AyÅŸe Feyza,2023-07-14T17:26:52,Tr-Gr,1566440905040699392,TÃ¼rkÃ§e,1
Yunan KarÅŸÄ±tÄ±,"['Irk/Etnik KÃ¶ken', 'Ãœlke/Milliyet']",5,['DÃ¼ÅŸmanlÄ±k; SavaÅŸ; SaldÄ±rÄ±; Ã–ldÃ¼rme; Yaralama Tehdidi'],ZayÄ±f,"@username @username @username @username @username @username Evet bende
Zaman kaybisin
Belki gercekleri gorebilirsin diye yazdim.
Yokkk
Sadece isine geldigi gibi yaziyorsun.
Yapilmasini istediklerini bende istiyorum ama zamani var.
Yunan 1300 kere taciz etmis savas acabiliyormuyuz
ProsedÃ¼rÃ¼ var once
Simdi biriktiriyoruz
Kamu algisi Ã¶nemli",Mert,2023-05-17T07:09:04,Tr-Gr,1566946000836923392,TÃ¼rkÃ§e,1
Yunan KarÅŸÄ±tÄ±,['Irk/Etnik KÃ¶ken'],7,['DÃ¼ÅŸmanlÄ±k; SavaÅŸ; SaldÄ±rÄ±; Ã–ldÃ¼rme; Yaralama Tehdidi'],Åiddetli,Yunan Ã¼lkemizi iÅŸgal etmiÅŸ namusumuza tecavÃ¼z ediyor niÃ§in onlarÄ±n aÄŸzÄ±na sictik denize dÃ¶ktÃ¼k demiyorsunuz OsmanlÄ±yÄ± kotuluyorsunuz.DÃ¶rtyÃ¼z sene Ã§ok mu gÃ¼cÃ¼nÃ¼ze gitti.Hala acÄ±yormu.,AygÃ¼n,2022-12-30T17:21:08,Tr-Gr,1568524118357864451,,1
Yunan KarÅŸÄ±tÄ±,"['Irk/Etnik KÃ¶ken', 'Ãœlke/Milliyet']",8,"['DÄ±ÅŸlama; AyrÄ±mcÄ± SÃ¶ylem', 'SimgeleÅŸtirme']",Yok,"TÃ¼m soyuzlara inat,
bizim soyumuz belli.
#BizSelÃ§ukluyuz #BizOsmanlÄ±yÄ±z
UnutmayÄ±n, osmanlÄ± #kayÄ± boyundandÄ±r.
bunu reddedenler #YunanTohumlarÄ± soyundandÄ±r. https://t.co/lP1Owlgqov",Elif,2023-03-20T08:51:46,Tr-Gr,1568955767411163136,TÃ¼rkÃ§e,2
Yunan KarÅŸÄ±tÄ±,"['Ãœlke/Milliyet', 'Belli GÃ¶rÃ¼ÅŸ/StatÃ¼/Uygulama; Mesleki Pozisyon Grubu']",5,"['Abartma; Genelleme; YÃ¼kleme; Ã‡arpÄ±tma', 'DÃ¼ÅŸmanlÄ±k; SavaÅŸ; SaldÄ±rÄ±; Ã–ldÃ¼rme; Yaralama Tehdidi']",ZayÄ±f,"@username @username @username Ä°diot, lozanâ€™a gÃ¶re 3 mil olan hava ve deniz sahalarÄ±nÄ±, siz 6 mil dediniz. Åimdi ise 12 mil olmasÄ±nÄ± istiyorsunuz. Siz gerÃ§ekten aptal insanlarsÄ±nÄ±z. Bu savaÅŸ demek. TÃ¼rkiye-Yunanistan savaÅŸÄ±, bu kaÃ§Ä±nÄ±lmaz.",Banuhan,2023-05-03T07:11:33,Tr-Gr,1568715437814300672,TÃ¼rkÃ§e,2
Yunan KarÅŸÄ±tÄ±,['Ãœlke/Milliyet'],7,"['DÄ±ÅŸlama; AyrÄ±mcÄ± SÃ¶ylem', 'DÃ¼ÅŸmanlÄ±k; SavaÅŸ; SaldÄ±rÄ±; Ã–ldÃ¼rme; Yaralama Tehdidi']",Yok,"Yunanistan'a mesajÄ±mÄ±z net:

Belki karadan, belki havadan belki de denizden ama kesinlikle bir gece ansÄ±zÄ±n gelebiliriz... https://t.co/2N0NPchLdx",Meryem,2023-01-10T20:02:49,Tr-Gr,1566542288574095361,,2
Yunan KarÅŸÄ±tÄ±,['Ãœlke/Milliyet'],7,"['KÃ¼fÃ¼r; Hakaret; AÅŸaÄŸÄ±lama; Ä°nsandÄ±ÅŸÄ±laÅŸtÄ±rma', 'DÃ¼ÅŸmanlÄ±k; SavaÅŸ; SaldÄ±rÄ±; Ã–ldÃ¼rme; Yaralama Tehdidi']",ZayÄ±f,"Ä°zmir'de ama bu sefer gerÃ§ek anlamda DÃ¼ÅŸmanÄ± denize dÃ¶kme zamanÄ± geldi, Ä°zmir'de  Bir tek Yunan tohumu kalmayacak ÅŸekilde dÃ¼ÅŸmandan ArÄ±ndÄ±rÄ±lmalÄ±.

Birde Ã§Ä±kmÄ±ÅŸ Ä°zmir'e ayrÄ± parasÄ± ve bayraÄŸÄ± olmalÄ± diyor.

(Bu SÃ¶zlerim sadece Yunan tohumlarÄ±na)

Terbiyesiz #HaddiniBilTunÃ§Soyer https://t.co/EwdZ4a92Q0",Elif Erol,2023-02-16T09:04:38,Tr-Gr,1568468545398251520,TÃ¼rkÃ§e,2
Yunan KarÅŸÄ±tÄ±,['Ãœlke/Milliyet'],6,"['Abartma; Genelleme; YÃ¼kleme; Ã‡arpÄ±tma', 'KÃ¼fÃ¼r; Hakaret; AÅŸaÄŸÄ±lama; Ä°nsandÄ±ÅŸÄ±laÅŸtÄ±rma']",ZayÄ±f,AtatÃ¼rk'de bizden olmayan dÃ¶l israfÄ±nÄ± sevmezdi emin olun siz Ä°zmir'de denize dÃ¶kÃ¼len Yunan dÃ¶llerinden daha kÃ¶tÃ¼sÃ¼nÃ¼z #AtatÃ¼rkÃ¼Sevmiyorum,Elif Erol,2023-02-16T09:03:58,Tr-Gr,1523598610956693505,TÃ¼rkÃ§e,2
Yunan KarÅŸÄ±tÄ±,['Irk/Etnik KÃ¶ken'],7,"['SimgeleÅŸtirme', 'DÃ¼ÅŸmanlÄ±k; SavaÅŸ; SaldÄ±rÄ±; Ã–ldÃ¼rme; Yaralama Tehdidi']",Åiddetli,"Sen gel bi Ã¼lkeyi yÄ±kÄ±lmak Ã¼zereyken iÅŸgal altÄ±ndayken silah arkadaÅŸlarÄ±nla beraber, kurtar yeni bir Ã¼lke kur. TÃ¼rkiye Cumhuriyeti diye isim ver 
KadÄ±nlara Ã§ocuklara genÃ§lere haklar bayramlar ver ama kendini bilmez Yunan tohumlarÄ± 
#AtatÃ¼rkÃ¼Sevmiyorum diye TAG aÃ§sÄ±n 
Ã‡ok bÃ¼yÃ¼ksÃ¼n https://t.co/lNk1hnBwJT",AygÃ¼n,2023-01-10T20:01:33,Tr-Gr,1523302053295972354,,2
Yunan KarÅŸÄ±tÄ±,['Irk/Etnik KÃ¶ken'],0,['Nefret sÃ¶ylemi bulunmuyor'],Yok,@username eÅŸÅŸek gibi bilecek haddini yunan tohumu,Ebrar,2023-03-06T09:56:08,Tr-Gr,1568552043891007488,TÃ¼rkÃ§e,1
Yunan KarÅŸÄ±tÄ±,"['Irk/Etnik KÃ¶ken', 'Hedef grup birden fazla.']",7,['SimgeleÅŸtirme'],ZayÄ±f,"""ZulÃ¼m 1453"" yunan ve Ermeni tohumu chpliler iÃ§in zulÃ¼m 1453 baÅŸladÄ± hala devam ediyor",AygÃ¼n,2023-03-06T09:51:11,Tr-Gr,1530824638829305857,TÃ¼rkÃ§e,1
Yunan KarÅŸÄ±tÄ±,['Ãœlke/Milliyet'],4,['DÃ¼ÅŸmanlÄ±k; SavaÅŸ; SaldÄ±rÄ±; Ã–ldÃ¼rme; Yaralama Tehdidi'],ZayÄ±f,"CumhurbaÅŸkanÄ± ErdoÄŸan;

â€œEy Yunan tarihe dÃ¶n.Ä°zmir'i unutma. 
ZamanÄ± geldiÄŸinde, gerekeni yaparÄ±z. 

Bir gece ansÄ±zÄ±n gelebiliriz.â€

CUMHUR Ä°TTÄ°FAKI VATANDIR https://t.co/nKMNNZ34RI",Firdevs,2023-07-01T11:50:14,Tr-Gr,1567214440038244354,TÃ¼rkÃ§e,1
Yunan KarÅŸÄ±tÄ±,['Ãœlke/Milliyet'],6,['DÃ¼ÅŸmanlÄ±k; SavaÅŸ; SaldÄ±rÄ±; Ã–ldÃ¼rme; Yaralama Tehdidi'],Yok,@username BaÅŸkan bu senin agamemnon sevdasÄ± nerden geliyor sana bir akraban falanmÄ± biz merak ettik sen aÃ§Ä±kla bakalÄ±m kimmiÅŸ bu agamemnon tarihi bir iliÅŸkin olmalÄ± gemiye adÄ±nÄ± verdiÄŸine gÃ¶re biz yunanÄ± denize dÃ¶ktÃ¼k sanÄ±yoruz ama malesef yunan sevgisi sizin iÃ§inize kaÃ§mÄ±ÅŸ. AnladÄ±n sen.,Mehmet,2023-03-23T12:05:45,Tr-Gr,1569672241930969090,TÃ¼rkÃ§e,1
Yunan KarÅŸÄ±tÄ±,"['Irk/Etnik KÃ¶ken', 'Ãœlke/Milliyet', 'Hedef grup birden fazla.']",7,"['DÄ±ÅŸlama; AyrÄ±mcÄ± SÃ¶ylem', 'KÃ¼fÃ¼r; Hakaret; AÅŸaÄŸÄ±lama; Ä°nsandÄ±ÅŸÄ±laÅŸtÄ±rma']",Åiddetli,"Katil abd piyonu yunan turk gemisini kursunlarken,sÃ¶zde tc bakani Ã¼nvanlÄ± kiÅŸi,iskece mÃ¼ftÃ¼sÃ¼ seÃ§ildi,yunanistandan azÄ±nlÄ±klara saygi gÃ¶stermesini istiyoruz,takipcisi olacagiz diyor.turkluk yok edilirken,tÃ¼rkler yunan adalarinda bok yiyorlar.",Elif,2023-03-20T08:51:46,Tr-Gr,1568697559094546432,TÃ¼rkÃ§e,2
Yunan KarÅŸÄ±tÄ±,['Ãœlke/Milliyet'],7,['DÃ¼ÅŸmanlÄ±k; SavaÅŸ; SaldÄ±rÄ±; Ã–ldÃ¼rme; Yaralama Tehdidi'],Åiddetli,"Hulusi Akar BakanÄ±mÄ±z yine YunanlÄ±larÄ± korkutmuÅŸ. F-16 savaÅŸ uÃ§aÄŸÄ±yla Ege Deniziâ€™nde Ã¼Ã§lÃ¼ kol uÃ§uÅŸuna liderlik yapmÄ±ÅŸ ve Yunanistanâ€™a â€œtarihten ders alÄ±n, baÅŸÄ±nÄ±zÄ± belaya sokmayÄ±nâ€ mesajÄ± vermiÅŸ. Yunanistanâ€™Ä±n anlayacaÄŸÄ± dilden bir mesaj vermiÅŸ ğŸ˜ https://t.co/42IWwzpGkR",Ebrar,2023-05-30T08:14:41,Tr-Gr,1565695297459716096,TÃ¼rkÃ§e,1
Yunan KarÅŸÄ±tÄ±,['Irk/Etnik KÃ¶ken'],5,['SimgeleÅŸtirme'],Yok,@username KansÄ±z ÅŸerefsiz alexa adÄ±nda yunan adÄ± galiba,Ä°pek,2023-03-22T10:38:48,Tr-Gr,1514252610412367873,TÃ¼rkÃ§e,1
Yunan KarÅŸÄ±tÄ±,['Irk/Etnik KÃ¶ken'],7,['SimgeleÅŸtirme'],Åiddetli,@gazetesozcu Ä°ki Yunan dÃ¶lÃ¼ daha doÄŸru olur.,Ebrar,2023-01-10T20:02:07,Tr-Gr,1489553919537782788,,1
Yunan KarÅŸÄ±tÄ±,"['Irk/Etnik KÃ¶ken', 'Ãœlke/Milliyet', 'Hedef grup birden fazla.']",10,['DÃ¼ÅŸmanlÄ±k; SavaÅŸ; SaldÄ±rÄ±; Ã–ldÃ¼rme; Yaralama Tehdidi'],Åiddetli,@ErcVatansever SavaÅŸ Ã§Ä±kacak ise Yunanistan ile Ã§Ä±ksÄ±n aga Afgan suri bilumum kaÃ§ak yavÅŸaklar ve tÄ±rtlar ile iÃ§ savaÅŸ Ã§Ä±kmasÄ±n da dÄ±ÅŸarÄ±daki dÃ¼ÅŸman ile savaÅŸmak bana koymaz,Ebrar,2023-02-01T17:44:12,Tr-Gr,1544769583000739843,TÃ¼rkÃ§e,1
Yunan KarÅŸÄ±tÄ±,['Irk/Etnik KÃ¶ken'],7,['SimgeleÅŸtirme'],Åiddetli,"@ARZU61__ @fikretk53429081 @YukselisGruplar #YunanTohumlarÄ±
@YukselisGruplar .",Ebrar,2023-02-01T17:44:12,Tr-Gr,1568670348182265857,TÃ¼rkÃ§e,1
Yunan KarÅŸÄ±tÄ±,['Irk/Etnik KÃ¶ken'],8,"['SimgeleÅŸtirme', 'DÃ¼ÅŸmanlÄ±k; SavaÅŸ; SaldÄ±rÄ±; Ã–ldÃ¼rme; Yaralama Tehdidi']",Åiddetli,"HEPSÄ° YUNAN TOHUMU ,HEPSÄ° TERÃ–RÄ°ST https://t.co/cpgDeTLQxk",AygÃ¼n,2023-01-10T20:01:33,Tr-Gr,1530572228701704193,,2
Yunan KarÅŸÄ±tÄ±,"['Irk/Etnik KÃ¶ken', 'Ãœlke/Milliyet', 'Din', 'Hedef grup birden fazla.']",7,['KÃ¼fÃ¼r; Hakaret; AÅŸaÄŸÄ±lama; Ä°nsandÄ±ÅŸÄ±laÅŸtÄ±rma'],Åiddetli,"@username SOYSUZ SOYKIRIMCI YUNAN.MÃœSLÃœMAN TÃœRKLERÄ°N MERHAMET EDÄ°P KORUDUÄU BÃœTÃœN IRKLAR Ä°HANET https://t.co/6r6MHX4LWBÅTA YAHUDÄ°,YUNAN,SIRP,BULGAR,FRANSIZ,ARAP.",Altar,2023-07-22T20:25:42,Tr-Gr,1559088833341411330,TÃ¼rkÃ§e,1
Yunan KarÅŸÄ±tÄ±,['Irk/Etnik KÃ¶ken'],6,['KÃ¼fÃ¼r; Hakaret; AÅŸaÄŸÄ±lama; Ä°nsandÄ±ÅŸÄ±laÅŸtÄ±rma'],Åiddetli,@username @username @username Sen anca bok yersin deyyuz kÃ¶pek ecnebi dÃ¶lÃ¼ yunan kÄ±rmasÄ±,Ä°pek,2023-03-22T10:38:48,Tr-Gr,1522835116254547969,TÃ¼rkÃ§e,1
Yunan KarÅŸÄ±tÄ±,['Irk/Etnik KÃ¶ken'],5,['SimgeleÅŸtirme'],Yok,"@username @username @username @username #YunanTohumlarÄ± 
 GÄŸg",Bekir,2023-03-22T10:32:48,Tr-Gr,1568685152967991297,TÃ¼rkÃ§e,1
